루닐,5개,2020년 05월 14일,퍼주는 것도 확실히 좋고, 게임성도 좋습니다. 속도감이랑 드리프트 씹히는 것도 아예 없구요. 하지만 문제점이 살짝 있습니다. 라이센스가 너무 쉬워요. L1은 어렵지만 L2는 그냥 달리기만 해도 기본기만 있으면 되는 것 같더군요. 그리고 라이센스에 맵 제한이 너무 답답해요. 초보가 L1맵을 하고 싶을 수도 있잖아요. 그런데 라이센스가 너무 어려워서 맵을 못 고르면 재미가 없어서 유저가 떠나겠죠. 그레도 돈슨 돈슨 하는 사람한테 조금...은 인식을 바꿔줄 수 있는 게임이 되겠네요. 라이센스와 맵 계선 꼭 부탁드립니다.,,,,,,,
갓비빔면,5개,2020년 05월 14일,별점 5개!!!!! 카트라이더 러시플러스가 갓겜인 이유!! 1.가벼움 한경기당 1분조금 안되는 시간이고 와이파이만 된다면 가볍게 할수있는 게임인것 같습니다!! 2.그래픽 모바일로써 보여줄수있는 최고의 그래픽입니다!!!! 해본 사람들은 알죠?ㅎ 3.편한 조작감 조작법이 정말쉽고 초보자들도 빠르게 익힐수있는 조작인것 같아요!!!!!!!!!! 카트 라이더 갓겜!!!!!!!! 아맞다 캐릭터들이 너무 귀여워요!!!!!,,,,,,,,
인생은한방,5개,2020년 05월 14일,그래픽이랑 조작감이 환상적입니다. 그래픽은 일반카트보다 좀더 리얼리스틱한 드리프트편이였고 조작감은 초보분들이 익숙할수있게 초보자 밴드를 추가시킨게 매우 인상적이였습니다 (전 착용안하지만) 또한 믿거넥, 믿고 거른는 넥슨, 답지않게 현질유도가 매우 낮았고 모든유저가 공평하게 느꼈습니다. 나중에 카트가 더 추가되면 현질유도가 좀더 강해질수있지만, 게임자체가 현질할만한 가치가있는거같습니다. 앞으로 꾸준히 해보고 지켜보도록하겠습니다.,,,,,
JG M,4개,2020년 05월 14일,플레이 후 평가해보자면 다 좋음 다 좋은데 굳이 단점을 뽑는다면 시나리오, 라센(루키, L3, L2, L1,)풍선 획득 할수 잇으나 경로가 한정적임!! 랩업이 힘들다(노가다).. 스피드 전을 주로 하는사람에선 필수요소가 아닐지라도 아이템 전 주로 하는사람한테는 필수조건인데 너무 부족함.... 그래서 별4개 측정!!!!,,,
조민재,1개,2020년 05월 16일,원래 다운로드하기가 어렵나요? 폰에 있던 저장공간 만든다고 10개가까이 있던 앱 다지우고 받아도 거의 1시간 내내받아도 30퍼센트이질않나 갑자기 화면 나가면 기껏 받은거 다 날라가서 다시 맨처음부터 다시 다운로드해야되질 않나..실망이네요..,,,,,,,,
BIMXYY,1개,2020년 05월 16일,하 망해라 카카오프렌즈 갓겜 카트짭,,,,,,,,
jinho yoo,5개,2020년 05월 16일,최고입니다,,,,,,,,
영서.,5개,2020년 05월 16일,가다가 오류로 제 캐릭터가 공중부양을 성공했습니다. 아주 다음엔 날라댕기겠네요 이런 게임 처음이네요 설레 죽겠네 아주,,,,,,,,
고범,5개,2020년 05월 16일,이제 됩니다!!! 완전 재밌어용!!!!,,,,,,,,
이환희,5개,2020년 05월 16일,카트5렙 찍으면 코팅할수있으면 완벽한데..,,,,,,,,
주수민,5개,2020년 05월 16일,전설의 카트가 모바일로!!!! 이거 쥑이네!!!!!!!!!!!!!!!!!!!!,,,,,,,,
메우정,4개,2020년 05월 16일,카트라이더 운영진님들 제가 진짜 심각해서 말씀드리는건데 여기 초등학생 애들이랑 어린애들도 있는데 솔직히 여기저기 19금단어와 19금닉네임들이 수도없이 많습니다 애초에 다른건 다 제제하면서 19금단어들은 제제 안하시는겁니까? 아무리 그래도 그렇지 이건 좀 아니지 않나 싶네요,,,,,,,,
김먹방 티비,5개,2020년 05월 16일,앵글좋아 렉안걸려 뭐 친절하게 다 알려줘 진짜 이런 갓겜 없음 꼭 까셈,,,,,,,,
임휘윤,5개,2020년 05월 16일,와우 기대한것 그 이상인데요??!! 진짜 너무 재밌어요!! 이거 하다보면 시간도 막 가구 버그 없이 잘 되요!! 제 인생게임이 될것같아요!! 이렇게 재밌는 게임 만들어주셔서 감사하구 카트라이더 러쉬플러스 강추입니다!!,,,,,,,,
이악마뚱땡이,5개,2020년 05월 16일,컴뷰터로 하고 있는 게임이 핸드폰으로 출시 되다니 기쁘네용,,,,,,,,
임병조,5개,2020년 05월 16일,"꿀~~~~~~~~~~~~~~~~~~~~~~~~~~~잼~~~~~~~~~~~~~~~~~~~~~~~~~~~~~~~~~~~~~~~~~~~~~~~~~~~~~~~~~~~~~~~~~~~~~~~~~~~~~~~~~~~~~~~~~~~~~~~~~~~~~~~~~~~~~~~~~~~~~~~~~~~~~~~~~~~~~~~~~~~~~~~~~~~~~~~~~~~~~~~~~~~~~~~~~~~~~~~~~~~~~~~~~~~~~~~~~~~~~~~~~~~~~~~~~~~~~~~~~~~~~~~~~~~~~~~~~~~~~~~~~~~~~~~~~~~~~~~~~~~~~~~~~~~~~~~...<div class=\""cQj82c\""><button class=\""LkLjZd ScJHi OzU4dc  \"" jsaction=\""click:TiglPc\"" jsname=\""gxjVle\"" style=\""font-family: Roboto", &quot;Noto Sans KR&quot;," sans-serif;\"">전체 리뷰</button></div>",,,,,,
게임계정,2개,2020년 05월 16일,다 재밌고 좋은데 맵에수가 pc보다 적고 차에수도 많지 않은게 단점이다그리고 라이센스를 따야지만 더 높은 트랙을 달리수 있는것도 별로 좋지 않습니다.,,,,,,,,
Puding gaming,1개,2020년 05월 16일,안깔리고요,,,,,,,,
박으러온황소,5개,2020년 05월 16일,너무 재밌어요 러쉬보다 조작도 쉽고 컴으로 못하는거 휴대폰으로 할 수있어서 좋네요 별 10개는 주고싶어요,,,,,,,,
하??`,1개,2020년 05월 16일,좀 차에다가 미끄럼 방지좀 해주면안돼나요? 무슨 기름 둘러놓은것도아니고 미꾸라지도 아니고 미꾸리지보다 더 미끄럽네요,,,,,,,,
장승범,3개,2020년 05월 16일,라이센스L2 로누마니추격 난이도좀 낯어주세요,,,,,,,,
읏하,4개,2020년 05월 16일,기존 컴퓨터 카트의 장점을 여기다옮긴듯함 빠른 게임과 간단한조작 매우좋음 렉도안걸림 아직 초창기라 돈슨의 기운이 잘느껴지지않으나 별5개는 안되는듯 아직은 할만함,,,,,,,,
김경자,5개,2020년 05월 16일,굿,,,,,,,,
미니도라,3개,2020년 05월 16일,와이파이는 꽉차있는데 r키처리되는거 이건..ㅠ,,,,,,,,
하민우,3개,2020년 05월 16일,별 3겡요 왜냐하면 서치하는 속도가 너무 느려요,,,,,,,,
정은선,1개,2020년 05월 16일,설치가않되요,,,,,,,,
rnlduadl 7040,1개,2020년 05월 16일,갑자기 게임오류라고 뜨면서 1시간 뒤에 접속하라고 하는데 뭐에요??,,,,,,,,
게임채널레드스톤의,5개,2020년 05월 16일,?,,,,,,,,
김도현,5개,2020년 05월 16일,아주 재밌음,,,,,,,,
김기자,5개,2020년 05월 16일,정말 재미있어요 안하본 사람은 꼭 추천해주고 싶어요,,,,,,,,
해?`',5개,2020년 05월 16일,음 다 아주 좋은데요 전체 채팅에서 나쁜말을 하고 성적으로 사람을 모집해 몸사진을 서로 공유하는 사람이 많은것 같습니다. 그것만 고쳐주시면 사고나 이런것도 잘일어나지 않을분더러 깨끗한 카트라이더가 될수있을것 같습니다.,,,,,,,,
?마?므?느?느??,5개,2020년 05월 16일,그래픽도 되게 좋고 게임도 엄청 재밌음.또 여러가지 모드랑 카드고 많음.별점 보통 안남기는 데 게임은 재밌어서 리뷰남김.지금까지 한 게임중에 가장 재밌음.강추??????,,,,,,,,
김찬슬,3개,2020년 05월 16일,넥슨 게임 개발자님 커브 퀘스트는 뭐 퀘스트라고는거예요?1라운드부터 못 깨개 만들어 초보한테 지옥훈련 사는거예요?다시 태어나면 절대로 다신 안해요!,,,,,,,,
송은주,5개,2020년 05월 16일,너무재밌어용~,,,,,,,,
「마망계」짼뺘,4개,2020년 05월 16일,재밌긴한데 용량이 너무 많아서 앱같은거 많이 지워가면서 설치했어요,,,,,,,,
이현주,5개,2020년 05월 16일,와우,,,,,,,,
온인뎅,3개,2020년 05월 16일,다 좋은데요 계속 팅기구요 렉걸려서 팀원들한테 피해주고요 이것 좀 고쳐주세요,,,,,,,,
유융[제페토],3개,2020년 05월 16일,겜하고싶은데 ... 자꾸안된다고뜨네요 . 기기가어쩌고 글고깔아있는앱을지우라고 .. 짜증나요 .. 징짜 ㅠㅠ 겜하고싶은데 옛날폰이여도 되게끔만들어주세요 .. 부탁입니다 ..,,,,,,,,
마자용가리치킨맛있는,3개,2020년 05월 16일,게임은 재밌는데 행운에 뭐시기 그거 샀는데 않사지고 돈만 나갔어요 환불해주세요 닉:나윤건,,,,,,,,
지읏,5개,2020년 05월 16일,조작도 좋고 재밌네요!!,,,,,,,,
이정기,5개,2020년 05월 16일,개 재미있어,,,,,,,,
히리즌,1개,2020년 05월 16일,앱을 켰는데 느리고 게임시작이 안떠서 아직도 못하는중,,,,,,,,
백까마귀,5개,2020년 05월 16일,최고의 게임 입니다 이개 모바일로 나오길 얼마나 기다렸는지 몰라요^^,,,,,,,,
즉. 그리고연인,4개,2020년 05월 16일,아니 넥슨은 게임으로 농락함? 들어가져야지 게임을 하든가 말던가 하지 30분째 로딩중 뜨면 어쩔거야 나 앱 12개 지웠다 이것 때문에^^,,,,,,,,
Seungheon Lee,5개,2020년 05월 16일,잘 만들어졌네요.,,,,,,,,
둥근해,5개,2020년 05월 16일,너무 재밌어요. 불만 없어요!,,,,,,,,
Uyen Tran,5개,2020년 05월 16일,너무재미있어요,,,,,,,,
??!,5개,2020년 05월 16일,버그좀 고쳐줘요 랭킹전 4등으로 들어왔는데 8등이 됐어요 그리고 인도에서 도로 로 떨어졌는데 바닥에 뒤집혔어요 버그수정해줘요 카트짱,,,,,,,,
5 Z훈,5개,2020년 05월 16일,프렌즈 레이싱과 비슷한데 훨씬 재밌고 맵도 다양하고 카트도 멋있어요 잘하고있습니다~~^^,,,,,,,,
박인환,3개,2020년 05월 16일,재밌긴 한데 1판하고 껐다가 키면 계속 서버점검이라고 계속뜸,,,,,,,,
박훈,5개,2020년 05월 16일,이거 초보자 충돌방지가 엄청좋아요,,,,,,,,
박준희,1개,2020년 05월 16일,재미잇다,,,,,,,,
Google 사용자,5개,2020년 05월 16일,카트 AI만 조금만 지워주세여 다른건 다100점!!AI는 몰려다녀서..(내가 카린이라 어려워),,,,,,,,
주작,3개,2020년 05월 16일,아니 왜 다른사람은 지름길 가지는데 왜 전 안가집니까 ㅋㅋ 오류인지는 모르겠지만 개같네여,,,,,,,,
박윤후,5개,2020년 05월 16일,굿,,,,,,,,
타코뚜,5개,2020년 05월 16일,카트라이더 개꿀잼,,,,,,,,
규현?1시간전 수정됨,5개,2020년 05월 16일,현질이안돠,,,,,,,,
???KOREA???,1개,2020년 05월 16일,왜 계속 키가 싶이지? 이거 때문에 1등 못하고 3등에 리타어까지함 좀 고쳐줘,,,,,,,,
고등어,2개,2020년 05월 16일,라이센스시범이 어떻게 카트 좋은거에 풀강화로 달려요? 장난합니까?,,,,,,,,
Adeem 426,1개,2020년 05월 16일,게발자 님 이거 왜 다운로드가않돼요??,,,,,,,,
확킬충!!!,5개,2020년 05월 16일,너무 재밌지만 현질을 하지 않는이상 카트를 얻지 못해허 아쉽다............. 제발좀 현질유도 좀 내려 주세요ㅠㅠㅠㅠㅠ,,,,,,,,
쁘냥꼰대,5개,2020년 05월 16일,굿,,,,,,,,
정윤지,5개,2020년 05월 16일,호우 좋아요,,,,,,,,
정시윤,1개,2020년 05월 16일,삼성A9 Pro는 계속 렉이 걸리고 겜이 안됩니다 그래픽,플레이는 좋은데,,,,,,,
Mi in Kim,1개,2020년 05월 16일,구글 로그인을하면 게속툉기네요 수정해 해주세요,,,,,,,,
여신철희,5개,2020년 05월 16일,와재미있다,,,,,,,,
쫀뜩,4개,2020년 05월 16일,잘하고잇습니다...네모산타의비밀공간 맵추가해주시면안될까요.....ㅠㅜㅜㅠㅠㅜㅜㅜㅜㅠ,,,,,,,,
김현욱,5개,2020년 05월 16일,그래픽 이 너무 좋아요 재미있어요,,,,,,,,
김민찬,1개,2020년 05월 16일,제 친구들은 다 스마트헬멧이 있는데 왜 전없죠?,,,,,,,,
로어tv,5개,2020년 05월 16일,와우!!!!!,,,,,,,,
Do Wan Ha,5개,2020년 05월 16일,그래픽도 좋고 뭐든지 다 좋아염,,,,,,,,
류영재,1개,2020년 05월 16일,렙빨차로 지게 만드냐?,,,,,,,,
김정훈,3개,2020년 05월 16일,게임은 재밌는데 갑자기 로그아웃되고 다시 접속이안됩니다. 게임 삭제후 다시 해봐도 안됩니다. 네이버라서 그런가요,,,,,,,,
임경섭,5개,2020년 05월 16일,꿀잼임,,,,,,,,
스파갯벌,5개,2020년 05월 16일,완전 쉽고 재미있어요 PC보다 더 쉬워요 안전 추천합니다! 다른사람들도 넥슨은 까야 제 맛이지만 이거는 깔수 있는게 없데요 와 넥슨 대단합니다!,,,,,,,,
서이ッ,1개,2020년 05월 16일,제발 이거 계속 안깔려요. 진짜 캐시도 지워보고 했는데 안됨,,,,,,,,
부?따떼삐리따,1개,2020년 05월 16일,뭔 랭킹만하면 나가져,,,,,,,,
Hyeon Soo Park,2개,2020년 05월 16일,인터페이스가 너무 복잡하고, 카트에 집꾸미기까지 넣어놓고... 카트겜은 카트에 더 신경 썼으면 좋겠구 그래픽이 너무 별로에요...,,,,,,,
붕노의한수,3개,2020년 05월 16일,일본에 있어서 플레이가 불가능...ㅠㅠ 사전등록하고 나오기만을 기다리고있었는데 흑... 넘나슬픈것,,,,,,,,
오지후,4개,2020년 05월 16일,L1 대마왕이 발동?는데 안되요,,,,,,,,
한혜련,4개,2020년 05월 16일,재밌어요 근데 게임도중 네트워크 오류때문에 게임 진행이 힘드네요 그리고 라이선스 깨기 너무 어려워요,,,,,,,,
블루home,1개,2020년 05월 16일,아니 이거 아니 ㅋㅋㅋㅋ 어이없네 내가 조종하는 것처럼 안?다구요..개빡 이럴거면 왜 만들었냐요..벽박 개심해..요,,,,,,,,
오튜tv,5개,2020년 05월 16일,진 짜 대 박 이 거 완 전 혜 자 게 임 너 무 꿀 잼 오 늘 부 터 이 거 만 한 다,,,,,,,,
비글이,1개,2020년 05월 16일,게임을 하려고 게임시작버튼을 누르면 게임 시작이 안되고, 게임을 한판이라도 하고싶어서 계속눌러도 홈화면으로 화면이 바뀌지가 않아요. 이 게임 추천하지 않슴니다!,,,,,,,
어택YouTude,5개,2020년 05월 16일,겁나 재밌음 인정,,,,,,,,
롤랑이,1개,2020년 05월 16일,이건 1점도 아니다.,,,,,,,,
정상훈,5개,2020년 05월 16일,넥슨 짱,,,,,,,,
양밤비,2개,2020년 05월 16일,정말 재미있긴한데 저장공간이 너무 많아요 줄어주세요 줄어주면100점10000만점 에 100점!,,,,,,,,
???댓?글?? ?,5개,2020년 05월 16일,카트라이더 모바일 기대 를 상상초월한다 ㄷㄷ 이거 모동숲보다 더 좋음 레알,,,,,,,,
남엘프 TV,1개,2020년 05월 16일,용양만 가저가네!!,,,,,,,,
꿀샴푸tv,5개,2020년 05월 16일,와대박,,,,,,,,
정인수,5개,2020년 05월 16일,이거 미국에 살아서 서버가 west라서 한국에 있는친구랑 친추가 안됩니다 이거 어떡하나요,,,,,,,,
세븐KM,5개,2020년 05월 16일,경험치, 루찌 빨리모으는법!!!! 무부에 AI 채워놓고 초보자기능 다켜놓고 자기전에 돌려놓으셈,,,,,,,
주키니캐릭터,5개,2020년 05월 16일,재미있다,,,,,,,,
초코뭉치TV,1개,2020년 05월 16일,개쌉노잽,,,,,,,,
은행나무,5개,2020년 05월 16일,너무재밌는데 조이스틱 편집 기능 나오면 좋겠어요!,,,,,,,,
젖꼭지강간범엄준식,5개,2020년 05월 16일,다 좋은데 혹시 패드지원계획 없으신가요?,,,,,,,,
응아니야,5개,2020년 05월 16일,갸꿀잼,,,,,,,,
김민석,5개,2020년 05월 16일,너무 재미있고요 근데 레벨업 하는게 조금 더 빨랐으면 더욱 좋겠어요^^,,,,,,,,
loa foc,1개,2020년 05월 16일,사전예약때 했던 닉네임은 사라진건가요?,,,,,,,,
장사랑,2개,2020년 05월 16일,다운로드가 안돼요,,,,,,,,
정수빈,1개,2020년 05월 16일,아니...짜증나게 랭킹전만 하면 1등인데 멈춰서 다시 되면 8등돼있음 개같네 진짜 차라리 멈춰있는동안 자동으로 달려지게하던가... 이게뭐야...,,,,,,,,
박현우,5개,2020년 05월 16일,재미있네요,,,,,,,,
James YB,5개,2020년 05월 16일,재밌습니다.,,,,,,,,
달빛나빈은,5개,2020년 05월 16일,조금 어렵지만 재밌어요!&gt;&lt;,,,,,,,,
한자기,5개,2020년 05월 16일,퀄리티가 진짜 좋고 벨런스도 그럭저럭합니다. 하지만 무과금 유저는 많은걸 이용 못한다는게 아쉽습니다. 하지만 처음에는 차를 줘서 좋네요. 코스튬도주고요. 좋습니다. 강추!!!!,,,,,,,,
김진환,3개,2020년 05월 16일,아니 저기요 다이아 3 0점일때 끝날때 4등 리타이어로 끝나서 2점을 얻어야되는데 결과는 5등으로 변해있고, 2점을 떨어졌습니다. 그 결과로 다이아4로 떨어졌고 다시 올리기만 하자라는 심정으로 랭겜 돌리는데 멘탈이 나가서 더 떨어졌어요. 보상 혹은 복구 바랍니다..,,,,,,,
김이현,1개,2020년 05월 16일,Wi-Fi로 다운로드 하는데 데이터 부과된다고 뜨네요.,,,,,,,,
로운하루,4개,2020년 05월 16일,다 좋은데 용량이 너무 커요.또 업데이트 할수록 용량이 더 커지고요,,,,,,,,
잭슨,5개,2020년 05월 16일,모바일로 이식을 매우 잘했음.,,,,,,,,
고연우,5개,2020년 05월 16일,재밌어요 근데 버그가 좀 있네요,,,,,,,,
이이건호,1개,2020년 05월 16일,안깔려,,,,,,,,
참다랑어,4개,2020년 05월 16일,과금은 시즌패스만으로도 충분함 가격도 9000원이고 2개월이라 여유도 있음 피온 사태 보면 넥슨이 넥슨한것도 아님,,,,,,,,
조승희,5개,2020년 05월 16일,장담하는데 역대 겜중 최고로 유저의견 잘반영하고 진심 역대급 잘만들었습니다 무조건 해보세요,,,,,,,,
레알마가렛트,1개,2020년 05월 16일,게임좀 쉽게 만들어라...,,,,,,,,
임헌주,1개,2020년 05월 16일,카트라이더 똥망겜,,,,,,,,
장군라,5개,2020년 05월 16일,게임은 재미있어여 근데 랭킹전 플레티넘 보상에 오류가 있어요 플레티넘3 완주보상이 완주를해도 완주가 되었다고 누적되지 않고 플레티넘 2가 되서야 누적 포인트가 쌓이기 시작했습니다 이거는 고쳐야 될것같습니다,,,,,,,,
Baby Glutinous rice cake,5개,2020년 05월 16일,아직 깔기전인데 ㄱ잼있다 해서 깔아봐욤,,,,,,,,
임지후,5개,2020년 05월 16일,게임이 매우 재밌습니당 앞으로 업데이트 많이해주세요~~~,,,,,,,,
조정숙,4개,2020년 05월 16일,재밌는데 왜 나만 소리가 안들리지?,,,,,,,,
제갈욱,5개,2020년 05월 16일,카트모바일은 컴퓨터와는 또다른 매럭을가지고 있다,,,,,,,,
백지호,5개,2020년 05월 16일,마이룸 교환권 어딨는지 알려주세요,,,,,,,,
정희선,5개,2020년 05월 16일,넘~잼써요 잼이란 앱때문에 1시간 밖에 못하지만 카트라이더 첨 하고요.짐짜 시간가는줄 모르겠어요 오빠랑 같이 하고,마이룸인가 그것도 꾸미고 진짜 재밌네요 별 1개다는건 뭐죠??진짜 이해가 안가네요.님 와이파이랑 핸드폰이 문제지 재미없으면 그냥 지우면 돼잖아요!!왜 사람을 욕하고 사람 심리를 건드려요!!자 본론은 넘 잼써요ㅎㅎ이 앱 잘돼기 바래요?,,,,,,,
콩나물,5개,2020년 05월 16일,재밋어요,,,,,,,,
원샤크,5개,2020년 05월 16일,완전 재미있어요!!!~,,,,,,,,
구독 안하면 프사 미래 얼굴,5개,2020년 05월 16일,다좋은데 마이룸 마당만 꾸미는거말고 집안으로 들어가서 집까지 꾸밀수 있게 해주세요 그럼 별10000개도 드릴수 있습니다,,,,,,,,
대한민국,5개,2020년 05월 16일,넥슨 오랜만에 잘만드네 솔직히 기업입장에서 현질유도를 안 할수도 없고. 신 카트나 등급 차이를 균형만 잘 맞추면 충분히 잘 될듯,,,,,,,,
슬찬TV,5개,2020년 05월 16일,옛날에 카트 러쉬있었는데 플러스가 붙고다시생겨서 좋아요 ㅎㅎ 버파M 있엇던거 같은데 다시만들어세요 ㅠㅠ추억겜이 사라짐ㅠㅠㅠ,,,,,,,,
조경식,5개,2020년 05월 16일,1위카트,,,,,,,,
김창혁,1개,2020년 05월 16일,L2라이센스 어떻게 깨라고 만들었어요? 사빙공을 거기에 쳐 넣으면 어쩌자는 거예요 카트가 이래서 망겜 소릴 듣지 l2에 저런걸 넣는 사람이 어디있다고 l1에나 넣지 그리고 사빙 영상에 있는 애가 드?2번할때 3번해야 부스터가 생기는데 어떻게 깨라고 만들어낳는지 이러니까 모바일 출시해도 300만명 밖게 사전등록을 안하지 이럴줄알았어 2004년도 게임이라서 그런가 넥슨이 일않하네,,,,,,,,
두부한모,1개,2020년 05월 16일,L2싱가폴서킹시간이너무적어요진짜,,,,,,,,
김경숙,1개,2020년 05월 16일,아니 왜 게임이 멈추조 갑자기 멈처서 꼴등 먹었잖아요 이거좀 불편합니다 좀 고쳐주세요,,,,,,,,
정재훈,1개,2020년 05월 16일,넥슨장난합니까? 와이파이는되는데안드가지고네크워크?매안드가져요 저만그렇나요?,,,,,,,,
창성허,1개,2020년 05월 16일,카트망갬,,,,,,,,
겜랑,4개,2020년 05월 16일,게임은 진짜재밌는데 클랜을 현질인 건전지로만 만들수있는게 아쉬워요k코인같은거로도 만들어주시면 좋겠네요,,,,,,,,
뉴비,1개,2020년 05월 16일,너무 재밌어요,,,,,,,,
은채,5개,2020년 05월 16일,우리엄마아빠가하는데제미슬것같아서깔아봤어?재밌네요,,,,,,,,
율림??,2개,2020년 05월 16일,어...설치 하는데 스토어를 1번나가면 다시 깔아안 해요... 그래서 불편하네요...;;,,,,,,,,
이은지,1개,2020년 05월 16일,커팅 게이지 설명 하는거 쌉소히 빡에 없어요 살짝만 눌 루면 숏 드리프트 빡에 않 되는데 이걸 어떠케 하라는 거에요 이렇케 쌉소리 하지말고 저데로좀 만드 세요,,,,,,,,
변순남,5개,2020년 05월 16일,갓☆겜,,,,,,,,
예린,2개,2020년 05월 16일,아니 카트라이더 정말 좋아해서 컴퓨터로하다가 모바일로 나온다고해서 사전예약까지하고 기다렸는데 게임은 재미있는데 아니 귓속말내용이 자꾸 사라지고 그 뒤로는 상대방이 저한테 귓속말보내도 안떠서 친구나 지인들이랑 게임속에서 대화를 할수가없어요 빨리 해결해주세요 너무 불편하고 짜증ㄴㅏ요 진짜 제가 얼마나 기다리고 기대했는데 이러기있냐구요,,,,,,,,
페퍼민트,4개,2020년 05월 16일,컨트롤도 쉽고,게임 플레이도 좋아요! 근데 다른앱은 빨리 앱설치가 되는데 이앱은 설치만 하는데 10분이상 걸리더라구요ㅜ3ㅜ 완벽히 앱이 깔아질려면 15분정도 걸리네요. 그래서 앱설치만 빨리되면 별5개일꺼 같아요,,,,,,,
1 0,5개,2020년 05월 16일,쉬우면서 실력이 필요하게 만들었습니다,,,,,,,,
서덕원,2개,2020년 05월 16일,네이버 로그인이 안됩니다!!! 잘되다가 갑자기 안되는건 왜그런가요.? 빨리 복구 부탁드립니다. 오류번호 32009 빠른 처리 부탁드립니다.,,,,,,,,
승부사초보,3개,2020년 05월 16일,앱플레이어로 컴퓨터로 하는 사람들이 나오고 있습니다 녹스로도 하는 법이 나왔고 미뮤인가? 그걸로도 할수있다고 그러네요 흠 그럴꺼면 pc카트를 하지... 어?든 그런사람들 때문에 벨붕 돼고 있습니다 빠른 조치 부탁드립니다,,,,,,,,
하눙어,4개,2020년 05월 16일,다 재미있는데요 서버 선택할수있게 해주세요 한국에서 썼던폰으로 미국와서 카트깔아서 하고있는데 서버가달라서 한국친구들하고 같이 못하고있어요 제발 서버 선택할수있게해주세요 제발요,,,,,,,,
라피스,5개,2020년 05월 16일,굿,,,,,,,,
김강율,3개,2020년 05월 16일,정.말.재.밌.는.게.임.이.다.,,,,,,,,
연서,4개,2020년 05월 16일,결제계정 어떻게 바꿔요?,,,,,,,,
재헌,5개,2020년 05월 16일,따봉,,,,,,,,
수영도,5개,2020년 05월 16일,추천합니다,,,,,,,,
김기훈,5개,2020년 05월 16일,너무잘만들었어요 개꿀잼,,,,,,,,
권예찬,4개,2020년 05월 16일,안녕하세요 저는 카트라이더 러쉬플러스를 하고 있는 학생입니다.다른건 다 좋은데 라이선스 난이도가 너무 높습니다. 레벨이 높으면 난이도가 낮아진다거나 조금만 난이도를 낮춰주세요,,,,,,,,
쪼물락빠밤바 둥가둥가둥가둥가,5개,2020년 05월 16일,X엔진이 타고 싶습니다 ㅠㅠ,,,,,,,,
신정민,4개,2020년 05월 16일,너무 재밌어요 하지만 카트는 구매를 하면 재한 날짜가 있어서 감점 입니다,,,,,,,,
GTA킹,5개,2020년 05월 16일,할만하네,,,,,,,,
모르페코,4개,2020년 05월 16일,지금 난이도가 너무 어렵다고 하시는 분들이 있는데 그다지 많이 어렵지도 않고요. 난이도 타령할거면 그냥 마크나 하시든가요^^ 이정도면 모바일게임치고는 매우 잘만든 게임입니다,,,,,,,,
심준원,3개,2020년 05월 16일,L2, L1 라이선스 난이도를가 너무 L3과는 다르게 가파르네요. 그래서 이것 때문에 유저를 좀 잃었을 듯 합니다. 원래는 조금만 쉽게 해달라고 해야하는데... 너무 어려워서 많이 쉽게 해주세요 ㅎㅎ 그래도 다른것들은 아주 만족하며 하고있습니다.,,,,,,,
치킨밥밥,5개,2020년 05월 16일,굳,,,,,,,,
나나비,1개,2020년 05월 16일,이거 깔아서 해봤는데 깔지 마셈 진짜로 이거 하다가 갑자기 이기고있는데 뒤로 순간이동 하고 또 그냥 멀정이 앞으로 만가고 있는데 또 지혼자 순간이동 해서 순간이도을 하지않나 이거만 수정하면 별5개임 진짜,,,,,,,,
권순찬,5개,2020년 05월 16일,아주 재미있어요.,,,,,,,,
마쉬켈러,5개,2020년 05월 16일,만족!,,,,,,,,
김하은,5개,2020년 05월 16일,너무재미있어요핵꿀잼,,,,,,,,
6매김세민,1개,2020년 05월 16일,아니저는죽지도안고버튼도안눌렀는데왜 계소꼴등해서 이버그를쫌빨리고쳐주세요 제발,,,,,,,,
양지족장,1개,2020년 05월 16일,다좋은데 커팅이나 최적화 드래프트를 써도 끌기 숏 이런거로 인식하냐 그최적화말고 다른 최적화도 신경써라 망할,,,,,,,,
KH K,5개,2020년 05월 16일,이건 뭐 말이 필요없음 존잼탱 ㅎ 한가지 건의할거는 L2 이상은 위에 머리띠 삐요삐요거리는거좀 사용 안하게 해줬으면 좋겠습니다 쪽팔리지도 않나 ㄹㅇ,,,,,,,,
youngjun Park,5개,2020년 05월 16일,늣겟ㄱㄴㅅㄴㅌㅅ,,,,,,,,
이풍원,5개,2020년 05월 16일,꿀잼,,,,,,,,
공동호,3개,2020년 05월 16일,게임은 재미있는데..... 현질유도가 심하내요... 넥슨은 플레이어 돈뜯어 먹을 생각만하지 밸런스 붕괴는 신경도 안쓰나 봄니다. 하지말라는 소리는 아니고 곳 있으면 망할것 같네요. 게임자체는 정말 좋은데 무슨 게임 나오자 마자 카트패스가 있냐? 근데 칭찬 할건 그래도 은근 퍼주지만 나중에 가서는 현질 하게끔 되어 있을 것 같네요.. 돈슨이 그래도 발전은 했네요.,,,,,,,,
P.연두사과,5개,2020년 05월 16일,???,,,,,,,,
오렌쥐,5개,2020년 05월 16일,월드 채팅이 너무 사람이 많고 복잡해요 채팅을 1채널 2채널 3채널 이런식으로 만들어 주시면 사람들과 더 수다도 잘 떨수 있고 복잡하지 않아서 좋겠습니다,,,,,,,,
은요시,5개,2020년 05월 16일,꺄ㅏㅣ항 다운 안?는데 잼있을것 같아요?? 오예??? 다운이 오래걸려서 쉬는시간이 많을 것 같군뇨?? 감사함당?,,,,,,,,
이병진,4개,2020년 05월 16일,스토리 가 어려워요 난이도쫌 내려주세 부탁드려요,,,,,,,,
구구,5개,2020년 05월 16일,PC버젼을 모바일 그대로 옮겨놨네요. 콘트롤 보정이 있어서 콘트롤도 어렵지 않고, 15년만에 하는데 예전 느낌 그대로 할 수 있어서 너무 좋습니다. 이게임은 대박입니다^^,,,,,,,
박상일,1개,2020년 05월 16일,저도 이제 깝니다. 기대되내요....,,,,,,,,
yanglim lee,5개,2020년 05월 16일,구글기프트 카드로 11000원?정도 질렀는데 그 현질하면주는 카트빼고 다른게 없어요. 그래서 너무 좋고요 렉이 조금 걸리는것 빼고 다른 불만은 없어요,,,,,,,,
하하,5개,2020년 05월 16일,지금 설치하고 있는데 제 공기계로 하는게임인데 설치할때 오랙걸립니당 다른건 다 진짜 재미있어요,,,,,,,,
Hunter X Hunter,5개,2020년 05월 16일,재밌음,,,,,,,,
김준휘,1개,2020년 05월 16일,아니 골드이하는 점수 안내려간다면서 5등이하면 떨어지는디 좀 할거면 좀 제대로 설명해,,,,,,,,
이준희,5개,2020년 05월 16일,신고해서죄송합니다제가신고한이유는화가나서입니다실수로신고해서죄송합니다,,,,,,,,
김혜정,5개,2020년 05월 16일,꿀잼,,,,,,,,
청킷이의 교차로??,5개,2020년 05월 16일,컴 카트라이더 보다 쉽습니다 너무 좋아요,,,,,,,,
유경진,5개,2020년 05월 16일,악플달지마라,,,,,,,,
뽀짝여주팡팡,5개,2020년 05월 16일,황상적이에요 만드신분 대박이죠!!!!!!!!!♡♡? 별 5개 갑니다.!!!,,,,,,,,
야호신난다,1개,2020년 05월 16일,쓰레기게임,,,,,,,,
김기영,1개,2020년 05월 16일,아니 왜 자꾸 게임 데이터 오류로 이용이 제한된다는거에요 어제도 이래서 오늘까지 기다렸는데 몇초하니까 다시 제한걸리고 다음날 17시에 하라고 하네요 하... 재밌게 하고싶었는데 하지도 못하겠네요,,,,,,,,
이마이,5개,2020년 05월 16일,카트가 모발일로 나오니 좀 좋네요,,,,,,,,
minsuk Jung,1개,2020년 05월 16일,설치가 안돼요..ㅠㅠㅠㅠ,,,,,,,,
조은미,3개,2020년 05월 16일,내크워크가자주끈킴니다 고쳐주세요,,,,,,,,
J_ wolfang,5개,2020년 05월 16일,팅기는거만 해결하면 될듯,,,,,,,,
강정우,5개,2020년 05월 16일,갓겜,,,,,,,,
i_m game,1개,2020년 05월 16일,카트라이더 게망겜 왜냐하면 그게 들어가야지 안들어감 어쨋든 카트 망해라!!,,,,,,,,
김창진,3개,2020년 05월 16일,아이패드에 안 깔려서 아쉽..,,,,,,,,
박서준,1개,2020년 05월 16일,아니 옆으로 가는데 조금 손이 움직였다고 반대 방향으로 도는것좀 고쳐주세요. 그리고 빨간색으로 뜨면서 드리프트 안되는건 뭐죠?,,,,,,,,
도비TV,5개,2020년 05월 16일,야 제작아 Pc카트라이더 따라하지마 그리고 핵쓰는 놈 안잡냐,,,,,,,,
실명은공개하지않는다,5개,2020년 05월 16일,재미있고 또 아직은 현질요소가 없는거 같아서 추천합니다,,,,,,,,
1504최은지,5개,2020년 05월 16일,말이 필요없는 리뷰 (굿굿),,,,,,,,
김김선기,5개,2020년 05월 16일,하기쉬움,,,,,,,,
류경균,1개,2020년 05월 16일,기대보다노잼,,,,,,,,
잠만보경,3개,2020년 05월 16일,"진짜진짜진짜진짜진짜진짜진짜진짜진짜진짜진짜진짜진짜진짜진짜진짜진짜진짜진짜진짜진짜진짜진짜진짜진짜진짜진짜진짜진짜진짜!!!!!재미있어요 컴퓨터로도 안해봤었고 이번에 처음하는데 정말재미있네요 정말 화질도 좋구여 제가 그 캐릭터가 되는 기분이네요! 레벨도 빨리올라가고 승부욕이 장냐이 아니에요!! 손아파요ㅠㅠ 그정도로 재미있어요!! 이거 하다간 제 새끼손가락 휘는건 아닌가 걱정되네요ㅋㅋㅋㅋ +그런데 카트페밀리에 3일차 하고 있는데요... 멀티게임 1회를 했는데도 에띠를 안주네요?? 원래 안주는건가여?? 어떡해 하는건지 모르겠어요 그리고 라이선스 ...<div class=\""cQj82c\""><button class=\""LkLjZd ScJHi OzU4dc  \"" jsaction=\""click:TiglPc\"" jsname=\""gxjVle\"" style=\""font-family: Roboto", &quot;Noto Sans KR&quot;," sans-serif;\"">전체 리뷰</button></div>",,,,,,
김방년,5개,2020년 05월 16일,옛날 생각이 많이 나네요,,,,,,,,
seohyun ju,2개,2020년 05월 16일,앱이 왜 안 깔리나요?제 폰이LG건데 저희 아빠도 LG입니다.아빠는 지금 열심히 게임 중인데 저는 왜 안되나요?,,,,,,,,
Snippy,1개,2020년 05월 16일,"한판할때마다 \""게임데이터 오류로 이용이 제한됩니다\"" 가뜨면서 접속이 재한됩니다.",,,,,,,,
게임하는멍돌이,5개,2020년 05월 16일,너무 재미있어요,,,,,,,,
루카스,4개,2020년 05월 16일,게임성은 정말 좋습니다 하지만 문제점이 하나 있습니다 라이센스 2(L2)의 5단계 난이도를 조금 낮춰주셨으면 합니다. 공략 영상을 보고도 깰수 없을 정도로 어렵습니다.그러니 난이도를 약간만 낮춰주세요...ㅠㅠ,,,,,,,,
이주은,5개,2020년 05월 16일,추억을 느낄수있어 재밌네요,,,,,,,,
조현준,1개,2020년 05월 16일,계속 서버점검이라고만 뜨고 안들어가져요,,,,,,,,
장완식,5개,2020년 05월 16일,개발자님 게임좀 고쳐주세요 카트는 재밌는데 렉이 심해요 맨날 카트할때마다 렉이 걸려요 어떻게 할수없나요? 렉걸리니깐 너무 불편해요 좀 렉좀 고쳐주시든가 어떻게 좀해주세요,,,,,,,,
게임 만드는 방법,3개,2020년 05월 16일,지금까지 이런 재미는 없어다 이건 레이싱 승부냐 승부를 정하기 위한 레이싱이냐 카틀라이더 러쉬플러스 (정검이 너무 많이해요) 근데 사전예약 선물이 3000천 코인 맞아요? 그리고 카트 래벨올리고 찍었는데 효과가 없어요 스피드10찍었는데 하나도 않 바꿔도 능력치가 그대로에요,,,,,,,,
Driver driveK,1개,2020년 05월 16일,카트 구입관련 문제로 문의사항에 접수한지가 언제인데 아직까지 읽어보지도않고 조치도 취하지않네요 넥슨이 이정도 였나요? 돈만받아먹고 이게대체 모하자는겁니까?,,,,,,,,
그챔 레전드,1개,2020년 05월 16일,L2라이언스 사빙공을 못께겠어요 3초만 더 주세요.,,,,,,,,
양성재,5개,2020년 05월 16일,잼있음 그래서 빵에 발라먹을수 있음,,,,,,,,
김건민,3개,2020년 05월 16일,혹시 서버 점검을 얼마나 하시나요? 계정을 로그인 할려는데 매일 할려고 할때마다 서버가 점검중이다라고 뜨더라구요. 지금도 그렇구요. 혹시 제가 해외에 살아서 그런가요? 해결 방법하고 원인좀 알려주셨으면 해요...,,,,,,,,
기러기,5개,2020년 05월 16일,카트 장착 아이템을 만들어 레어 카트도 레전드 카트를 딸아잡을수 있게 해주세요 차이가 너무 많이 납니다,,,,,,,,
이민결민결,5개,2020년 05월 16일,진짜재밌어요.속도로달리는맛이있네요!,,,,,,,,
월윤,5개,2020년 05월 16일,진짜 이건 갓겜중에 갓겜인것 같다. 부스터 사용하면서 부와앙 하면서 달리면 진짜 스릴넘치고 드리프트 할때마다 뭔가 느낌이... 진짜 카레이서가 된것 마냥 재미가 넘침. 롤러코스터 타는 느낌임. 다만 아쉬운건 초보자들을 위해 상점같은데에도 조금 설명을 넣어주면 좋을것 같음. 또 차가 기간제여서 너무 아쉬움..ㅜ 하지만 게임자체는 진짜 너무 재밌어서 미칠 지경임! 조금 쉬워서 1등 계속하고 살짝 질릴때쯤 다음 라이선스 따서 하면 바로 꼴등되서 뭔가 목표의식이 자동으로 심어지는 느낌 이고 아무튼 그냥 넘 재밌음 ㅇㅇ,,,,,,,,
머랭,3개,2020년 05월 16일,진짜 다 좋고 재밌는데 배터리가 현질해야지 얻을수있다는것과 다시 설치할때 진짜 않깔리는거빼곤 다좋아서 3점 드립니다,,,,,,,,
멍멍이,1개,2020년 05월 16일,L2라이센스 따는중인데 레전드 카트 타면 도데체 없는사람은 어떻게 깨라는 거에요? 공략영상도 다 레전드 카트고 부스트 차는 속도랑 기본속도가 다른데 어떻게 하냐고요,,,,,,,,
안녕,3개,2020년 05월 16일,다른건다좋은데 라이선스테스트하면 짜증나요 너무 어려워요 하...... 인생,,,,,,,,
나도현,5개,2020년 05월 16일,재밌다,,,,,,,,
유민수,3개,2020년 05월 16일,L2 라이선스 어렵삼 그리고 시나리오 모드 10-6는 너무넘 어렵다 그래픽은짱 이다 그래서 별 3점 준다,,,,,,,,
Jiho hyun,1개,2020년 05월 16일,저장공간 없는대 깔았더니 앱 50개가 넘개 삭재?어요 진짜 이게뭡니까 다시 다 로그인해야되자나요,,,,,,,,
작은툰,5개,2020년 05월 16일,다좋은데 기본창이 현질같네요 ㅠㅠㅠ 현질치워주시면 좋겠고 현질 카트와 무현질러 의 차이좀 줄여주세요 평점은 5점입니다,,,,,,,,
Yh Seo,5개,2020년 05월 16일,진짜재밌어!,,,,,,,,
jutso be,5개,2020년 05월 16일,넥슨 게임의 특징인 현질 유도가 많지 않아 정말 좋아요!,,,,,,,,
김태규,5개,2020년 05월 16일,카트라이더 처음인데 이렇게 모바일로 나오다니 정말 갑사합니다.,,,,,,,,
치킨 조아!,3개,2020년 05월 16일,방패가 이상함 ?는데 안돼,,,,,,,,
도아_,4개,2020년 05월 16일,게임 진짜 재밌고 재밌어서 다이아까지 올라간 사람인데요. 그게 가로로 하는 게임이잖아요 근데 가끔 세로로 되서 다시 그 앱 새로고침을 하고 해도 계속 새로로 되요,,,,,,,,
Taesung Jeong,5개,2020년 05월 16일,제작자님 너무재밌어요 근데 무과금을위한 시스템 좀 많이만들어주시면감사하겠습니다부탁합니다,,,,,,,,
함승현,5개,2020년 05월 16일,핵 재밌어 대박 !!,,,,,,,,
루틴TV,4개,2020년 05월 16일,아주재밌습니다! 하지만 앱을깔때 너무 오래걸림니다 저는 3시간걸렸네요ㅠㅠ,,,,,,,,
더블신tV,5개,2020년 05월 16일,게임 잘 만들었어요 하지만 건전지 좀 주세요 현질이랑 쿠폰밖에 못 얻으니까 공짜로 주는 게 있으면 좋겠어요,,,,,,,,
47 ak,1개,2020년 05월 16일,아니 렉은겁나심해 렉때문애 시나리오모드도 재대로못하공게뭐냐고 그냥하지말라는거잖아,,,,,,,,
전세희,5개,2020년 05월 16일,저는 옛날에 카트하던사람인데 뭐 하다가 뭐 해야대서 카트를 못햇습니다ㅠㅠ 그런데 모바일로 나와서 넘 조아여♡♡+ 그러면 이제 버블파이터좀...(퍽,,,,,,,,
오순자,5개,2020년 05월 16일,네슨잘?다,,,,,,,,
안병현,3개,2020년 05월 16일,재미있어요 그런데 벽에 박았을때 자꾸 반대로 돌아저 서 불편해요. 드리프트 할때 바퀴에기름칠 해놓은건진 모르겠는데 차를 옆으로 돌려도 앞으로 가더라구여 좀고쳐주세요,,,,,,,,
권우현,1개,2020년 05월 16일,아니 카트라이더를 까는데 겨우 깔았는데요. 설치를 할수없음이라고 떠서 참 어이가 없네요....고쳐주세요. 진짜 이 게임 못하겠네요. 깔리지도않고,,,,,,,,
이승민,1개,2020년 05월 16일,아예 설치가 안됩니다 이유가 뭔지를 모르겠어요,,,,,,,,
귀요미,4개,2020년 05월 16일,카트라이더 너무재밌어요 짱!짱!근데요..... 악플좀 안달게좀 부탁드려요,,,,,,,,
이호율,5개,2020년 05월 16일,랭킹전 챌린저 마스터 다이아 등 다른 티어도 엠블 주면 좋을듯..,,,,,,,,
하늘이,5개,2020년 05월 16일,카트라이더 재미있습니다.,,,,,,,,
II맥스II,1개,2020년 05월 16일,아 짜증나네.. 게임데이타 오류뜨면서 안되네..ㅡㅡ 게임을할수있게해줘야되는거 아니야? 짜증나서 게임하겠어..,,,,,,,,
박진희,5개,2020년 05월 16일,달리는 맛이 아주 재밌네요.,,,,,,,,
K H,4개,2020년 05월 16일,진짜 재밌지만 l1라이선스가 너무 어려워요.. 노르테유 익스프레스 하고 싶은디 .,,,,,,,,
이경호,5개,2020년 05월 16일,퍼플미티어도색까칠할수있게해주세요넥슨,,,,,,,,
냐홀구리,5개,2020년 05월 16일,추억의 향기를 선물 해 주신 넥슨 관계자분들께 감사함을 표합니다,,,,,,,,
snrn dla,5개,2020년 05월 16일,넥슨 이번에 힘썼네!!ㅋㅋ 스솔도 제발 잘되길...,,,,,,,,
이원규,5개,2020년 05월 16일,잼,,,,,,,,
뻑큐나먹어라,1개,2020년 05월 16일,결국엔 현질게임 개노잼,,,,,,,,
이준석,5개,2020년 05월 16일,굿굿,,,,,,,,
SangHyun Seo,5개,2020년 05월 16일,재미있네요,,,,,,,,
크라운tv love you,5개,2020년 05월 16일,진짜 랙도없고 잘 만들었어요,,,,,,,,
무노돌이,1개,2020년 05월 16일,게임을 하려고 하면 튕기고 튕기고나서 의견보내기를 하려니까 튕기네,,,,,,,,
벼니,5개,2020년 05월 16일,굿,,,,,,,,
김대웅,5개,2020년 05월 16일,개꿀잼!!!!,,,,,,,,
김연용,2개,2020년 05월 16일,아니! L2라이선스 점프 드리프트 어떻게 깨라고 만든거야 아니 동영상 보고 똑같이 했는데 미끄러져서 몇천번 이고 시도해 봤는데 안됨 와 진짜 멘붕 왔음 ????,,,,,,,,
장현수,3개,2020년 05월 16일,너무재미수요,,,,,,,,
리카엘YouTube,4개,2020년 05월 16일,솔직히 클랜은 현질해서 만드는게 아쉬워요,,,,,,,,
이주호,5개,2020년 05월 16일,이게임이다좋고재미있는데저사전등록을했거든요 근데핼맷을못받아서주실수있으시면주세요,,,,,,,,
박배성,3개,2020년 05월 16일,카트 기간 없게해주세요(제발요),,,,,,,,
김선정,1개,2020년 05월 16일,게임을무슨 이따구로만드냐,,,,,,,,
슈딘[슈팅스타 분들],4개,2020년 05월 16일,새로나와서 깔아봤는데 정말 재미있네요ㅎㅎ,,,,,,,,
너구리,5개,2020년 05월 16일,모든것이 완벽하지만 가끔식 조이스틱이 안눌리는 버그가 있는데 너무 심각합니다. 다 이겼는데도 안눌려서 지는경우도 생겼어요 ㅠㅠ,,,,,,,,
안녕안녕,5개,2020년 05월 16일,갑자기 데이터 사용량이 많아서 5/17 1:38 후에 접속하라고 뜨면서 안들어가지는데 무슨오류인가요?,,,,,,,,
정원철,5개,2020년 05월 16일,와 UI 진짜 잘 만들었네요... 조작감도 pc카트랑 크게 다르지 않은 것 같고 그래픽도 괜찮습니다. 깔끔하고 좋네요.,,,,,,,,
최지숙,3개,2020년 05월 16일,모바일카트재미있게하고있는유저입니다다좋은데왜게속출석보상이코수튬이업써요차별너무시메요개짜증나요왜재엄마는주는데안줘요미치게써요,,,,,,,,
서현?,1개,2020년 05월 16일,?케 늦게깔려요 ㅠㅠ 좋을것같았는데..,,,,,,,,
존시나존시나,5개,2020년 05월 16일,너무 재미있읍니다만 현질을 해야만 게임 플래이가 잘 되는것 같내요 하지만 저는 현질 안하고도 잘하기 때문...으흠 그래픽 도 좋고 아주재미있어요 컴퓨터 카트는 저한테 어려웠는데 모바일로 나오니까 너무 좋아요 감사합니다.,,,,,,,,
박은찬,1개,2020년 05월 16일,특별 회원 지금 차별하는거임?,,,,,,,,
son yul08,1개,2020년 05월 16일,개같은 게임,,,,,,,,
Eunjoung Kim,5개,2020년 05월 16일,?,,,,,,,,
VE GA,5개,2020년 05월 16일,전 좋은것 같아요!,,,,,,,,
연두꽃,4개,2020년 05월 16일,음 조아여,,,,,,,,
심심할땐게임세상,4개,2020년 05월 16일,오른쪽키 눌리면 왼쪽으로 가지고 왼쪽키 눌리면 오른쪽으로 가지고 이게 1번이면 되는데 계속 되네요^^ 이제는 짜증이나고 삭제하고 싶은 마음이 드네요. 고쳐주시면 감사하겠습니다.그리고 게임은 재미는 있네요^^;;,,,,,,,,
규빈&amp;경빈,5개,2020년 05월 16일,진짜 갓겜 ㅇㅈ?,,,,,,,,
듀오,5개,2020년 05월 16일,굿,,,,,,,,
박쏘,4개,2020년 05월 16일,너무 제밌어요,,,,,,,,
17년전엥,1개,2020년 05월 16일,왜다운이안돼냐?,,,,,,,,
김영민,5개,2020년 05월 16일,꿀잼,,,,,,,,
반달본다,3개,2020년 05월 16일,지금L2를 도전하고 있는데 싱가폴 그거 시간좀 늘려주세요,,,,,,,,
최영일,3개,2020년 05월 16일,l2가 너무 어려워요ㅠㅠ 난이도 좀 수정해주세요ㅠㅠ,,,,,,,,
이도윤,1개,2020년 05월 16일,아나 칵퉤 랙 개오지네 받는데뭐가이리오래걸려 응답은~없고지우는데개오래걸리고똥겜,,,,,,,,
심학섭,5개,2020년 05월 16일,ㅎ우~~~욱,,,,,,,,
재문이,5개,2020년 05월 16일,너무재밌다,,,,,,,,
후잇,4개,2020년 05월 16일,다 좋은데 소리가 안들려요 무음 아니고요 다른앱들은 소리가 들리는데 이건 안들립니다,,,,,,,,
이종서,5개,2020년 05월 16일,제발 L1라이센스 난이도좀 낮춰주세요 L2는 가능성이 보이 는데 L1은 전혀 못하겠어요,,,,,,,,
김재환,3개,2020년 05월 16일,어제까지는 20레벨이면 모든 잠재력을 사용할 수 있었습니다. 그러나 오늘 접속해보니 잠재력에 30레벨 제한이 생겨 있었고, 해당 잠재력의 강화 레벨은 초기화 되었습니다. 그러나, 초기화를 시켰으면 해당 강화에 사용한 루찌를 반환에 주는게 맞지 않을까요 그동안 게임을 하면서 얻은 루찌로 잠재력을 키웠는데 잠재력과 루찌 모두 사라졌습니다. 이에 대한 조치를 취해주십시오,,,,,,
권윤수,2개,2020년 05월 16일,안녕하세요 이것할려고사전예약까지하고다운로드실행이아예 안돼고다시지워다가다시깔아도안돼는데어떻게좀해주세요,,,,,,,,
김세준,5개,2020년 05월 16일,긋긋긋,,,,,,,,
요구르트,5개,2020년 05월 16일,진짜 최고의게임 그래픽좋고 컨트롤도 단연최고 내가 한 모바일게임중 가장 재밌는 게임 티어 올리는것도 재밌고 친구랑하니 2배로 재밌다 근데 한가지 문제점이 있는데 너무 재밌어서 다른게임을 못하겠다 ㅋㅋㅋ 암튼 최고!,,,,,,,,
나는??,5개,2020년 05월 16일,와ㅏㅏ 진짜 재밌어요!! 제가 카트라이더가 모바일로 나온다고해서 바로 사전예약하고 바로 다운로드해서 들어가봤는데 카트도 많이주고 레벨 업도 쉬어서 재밌어요! 그리고 현질유도도 좀 많긴하지만 할만해요. 진짜로 재밌어요!,,,,,,,,
김예은,5개,2020년 05월 16일,정말로 재미있어요,,,,,,,,
보라색포도,4개,2020년 05월 16일,"(5월 16일)카트라이더 러쉬플러스를 재미있게 하고 있는 사람인데 다른건 다좋은데 라이선스 L1에서 보여주는 영상에서 시범으로 보여준 카트가 핑크 코튼입니다 핑크 코튼으로 3초 남기고 클리어 하는 영상이 저 같은 무과금 유저라면 어떻게 클리어 하는지 고민을 많이 했습니다 물론 진짜 카트를 미치도록 잘하면 겨우 겨우 가능 할수도 있을것 같습니다 근데 지금은 출시된지 얼마안된 게임입니다 고인물이 그닥 많지 않을것 같습니다 물론 저의 생각이 잘못될수도 있고 게임도 정말 잘 만들었다는 것은 확실합니다 그리고 저는 무과금도 클리어 할수있지만...<div class=\""cQj82c\""><button class=\""LkLjZd ScJHi OzU4dc  \"" jsaction=\""click:TiglPc\"" jsname=\""gxjVle\"" style=\""font-family: Roboto", &quot;Noto Sans KR&quot;," sans-serif;\"">전체 리뷰</button></div>",,,,,,
Google 사용자,5개,2020년 05월 16일,정말제밌어용!!!!!! 최고?,,,,,,,,
파란삼겹살【pork belly】,5개,2020년 05월 16일,재밌어요 근데 뽑기기능이 추가?으면 더욱더 좋겠네요. 그리고 건전지를 현질 안하고도 얻을수 있으면 좋겠네요.카트라이더 러쉬플러스 꼭! 깔아보세요!!,,,,,,,,
닥터초코,3개,2020년 05월 16일,그...솔직히 L1 라이선스 밸런스 드라이빙에서 드리프트 점프..... 난이도....... 그외엔 정말 모두 좋습니다,,,,,,,,
눈구름,5개,2020년 05월 16일,넥슨에서 이런 게임을 내 놨다는 것이 감개무량하다,,,,,,,,
Sang Hoon Lee,5개,2020년 05월 16일,너무재미있네요,,,,,,,,
김성주,5개,2020년 05월 16일,?,,,,,,,,
민경민,5개,2020년 05월 16일,재밌엉,,,,,,,,
tv추장,5개,2020년 05월 16일,세이버red는 언제 나오나여??,,,,,,,,
고토끼,3개,2020년 05월 16일,카트라이더 문의는 어디서 하나요? (게임 내 튕김현상에 대한 자세한 정보),,,,,,,,
김선호,3개,2020년 05월 16일,재밌긴 재밌네요. 재미로는 별점 5개인데 메인화면이 너무 정신 없어서 두개 깎았어요.,,,,,,,,
유환임,5개,2020년 05월 16일,중독되는 것,,,,,,,,
박진희,1개,2020년 05월 16일,오류진짜맑내요아진짜오류진짜즐려,,,,,,,,
김오현,1개,2020년 05월 16일,로딩 진짜 오래걸리네 하라는거에요 말라는거에요,,,,,,,,
할닉넴없어,4개,2020년 05월 16일,L1 노익이 너무 어렵네요..,,,,,,,,
이민아,5개,2020년 05월 16일,너무 재미있어요 뽑기 좀 많들어주세ㅛ,,,,,,,,
전희준,2개,2020년 05월 16일,결제 오류가 있습니다. 빠른 복구 이루어지는 시일내로 별점수정 하겠습니다. 고객센터에 문의했고, 해결만 된다면 더할나위 없이 좋은 게임입니다. 하루 지나도 다른 리뷰나 보고 있는 넥슨은 반성 좀 하시길 바랍니다. 1대1 건의나 신고도 접수중이라고만 뜨는데 빨리 해결 부탁드립니다.,,,,,,,
김승민,5개,2020년 05월 16일,대충 쓰시내요[요약:지그ㅁ 카트 하ㄹ 시가ㄴ,,,,,,,,
안창미,1개,2020년 05월 16일,초보데보수개왜요 ㄴㄴ,,,,,,,,
슬라메,5개,2020년 05월 16일,이게 진짜 국민게임의 귀환이다. 아무리 돈슨돈슨하면서 넥슨을 싫어해도 게이머로서 이 정도 게임을 욕할 수는 없다. 카트라이더보다 더 나은 그래픽, 과감하게 정면충돌이 아닌 충돌을 했을 때 미끄러짐, 화면연속터치로 모바일로서 카트라이더의 가치를 만듦, 뛰어난 UI배치, 뛰어난 튜토리얼과 조작감, 드리프트 구간표시로 진입장벽을 허물었음, 마이룸의 세부설정이 가능함, 끝내주는 최적화까지.... 이보다 더 나을 수 있는가? 넥슨은 메던이 아니라 카트라이더 러쉬플러스를 밀어야한다.,
권지현,5개,2020년 05월 16일,좋아용 ㅎㅎ,,,,,,,,
여개개,5개,2020년 05월 16일,라이서스태스트 패치좀 겁나어려움ㅠㅠ,,,,,,,,
김한진,5개,2020년 05월 16일,게임은재밌게하고있습니다 근데조작키가자기맘데로움직입니다,,,,,,,,
zl 존수호010,2개,2020년 05월 16일,지잉 소리나면서 화면멈춤 그거빼고는 좋음 최적화좀 부탁요 넥슨!!,,,,,,,,
Min Kyu Kim,4개,2020년 05월 16일,재미있습니다. 다만 자동으로 컴퓨터봇플레이어들 방에들어와서 매칭이되던데 그거 좀 안되게 해주세요. 재미가 없습니다. 신나게 하다보니 컴터들이라 이게 시간만 날린.기분이 드네요.. 봇플레이어 매칭 안되게하는 선택옵션을 넣어주시던지요..,,,,,,,,
찹쌀떡,1개,2020년 05월 16일,앱 설치를 3번 했는데도 설치가 안되어있고 데이터만 나감...,,,,,,,,
구독자좋아,4개,2020년 05월 16일,뭐준다길래 1200원 에너지 현질했는데 잘못 봐서 그런지 영구 카트를 못받았네요. 2번 해서 2400원 ?는데,,,,,,,,
최지후,5개,2020년 05월 16일,완전 꿀잼,,,,,,,,
Cake케이크,4개,2020년 05월 16일,카트,,,,,,,,
Minjoon Koo,4개,2020년 05월 16일,재밌네요.근데 래이센스 좀 쉽게 만들어 주세요.제발....... 그것때문에 맨탈 나가겠어요.......제발....,,,,,,,,
최준혁,4개,2020년 05월 16일,정말 재미있어요. 기본적으로 과금유도가 정말 많긴하지만 오래된 장수게임이다보니까 계속 재밌게 하게 됩니다. 그러나 퀘스트 같은거는 설명이 좀 잘 되어있으면 좋겠고 왜 그러는지는 모르겠는데 완주횟수가 계속 카운팅이 안됩니다 ㅜㅜ,,,,,,,,
이은규,4개,2020년 05월 16일,"카트라이더 러쉬플러스 재밌습니다 그리고 다 잘되어 있고요 그래서 잘 플레이 했습니다 하지만 뭘 해도 현질을 하라고 하고요 보상주는 것에도 버그가 있습니다 저는 사전 예약까지 하면서 했는데 친형이랑 비교 했을 때 꽤 갭이 크더라고요 심지어는 클럽 가입도 안되요 클럽에 바로 들어가는 것도 아닌 수락하는건데 대기줄이 있어 야 할까요? 또 라이센스 테스트 할때 초반에는 너무 쉽웠는데 바로 어려워 지는게 말이 됩니까? 유저 간에 밸런스는 잘 되어 있어요 하지만 다른 밸런스가 안맞아요 그리고 라이센스테스트 고수의 플레이를 보면 현질 카트를 쓰...<div class=\""cQj82c\""><button class=\""LkLjZd ScJHi OzU4dc  \"" jsaction=\""click:TiglPc\"" jsname=\""gxjVle\"" style=\""font-family: Roboto", &quot;Noto Sans KR&quot;," sans-serif;\"">전체 리뷰</button></div>",,,,,,
내이니와이토,2개,2020년 05월 16일,아니 이게 버그인것 같기도 한데 다리같은데 에서 떨어져서 제복귀할때 떨어진곳보다 훨신앞에서 태어나는데 이거 버그인가요?,,,,,,,,
강인순,1개,2020년 05월 16일,아 진짜 버그때문에 흑백방울고양이 없어짐 다시주셈 내닉내임 카트타봤냐? 아짜증나내? 그리고레벨 높다고 레벨낮은 동생이랑 같이못하내!,,,,,,,,
미루소리,1개,2020년 05월 16일,계속 서버점검중이라고 뜨내요,,,,,,,,
최승진,4개,2020년 05월 16일,L1라이센스 하다가 폰11번 내려쳤습니다. 그리고 왜 왼쪽바튼아니면오른쪽버튼눌러서 드리프트하는네 컨트롤러에 올레는 누르면 파란색뜨는데 빨강색떠서 드리프트안돼서 *빡칩니다. 고쳐주세요.,,,,,,,,
보이경동,4개,2020년 05월 16일,스마트 헬멧이 안와서 지름길을 못 뚤어요,,,,,,,,
에메랄드 Critical Ops,5개,2020년 05월 16일,속도감 최고,,,,,,,,
서현미,5개,2020년 05월 16일,정말 재미있어요.그래픽도좋고컴뷰터말고핸드폰으로도할수있으니까더좋은것같에요.꼭해보세요,,,,,,,,
Google 사용자,1개,2020년 05월 16일,재미있어요,,,,,,,,
우Lloyd.,5개,2020년 05월 16일,화질 좋고 게임이 재미있서요,,,,,,,,
정우링,5개,2020년 05월 16일,저도 카트라이더를 즐겨 했는데 괜찮네요!,,,,,,,,
데저트데빌,5개,2020년 05월 16일,처음에는 친구들이 하기에 재미없다고 생각했는데 해보니깐 좋네요! 업뎃 자주해주세용!,,,,,,,,
?듀와무파사의 일상,5개,2020년 05월 16일,왜 별다섯개 주냐면 너무 재미있고 PC보다 재미있고 그리고 카트라이더 러쉬플러스는 PC보다 더 쉽다 왜냐하면 PC는 처음 부터 사람들이 다 잘하고 모바일은 처음 부터 초보랑 해서 너무 쉽고 재미있다,,,,,,,,
강수민,5개,2020년 05월 16일,넘나제밌는갓겜 예,,,,,,,,
피카츄,1개,2020년 05월 16일,계속 게임데이터오류로 게임이용이제한됐다고하면서 게임이안되는데 이거 왜이러는거죠?,,,,,,,,
v괴도 천재,5개,2020년 05월 16일,개꿀잼,,,,,,,,
박주영,5개,2020년 05월 16일,재밌어 카트라이더 러쉬플러스~~,,,,,,,,
김승미,5개,2020년 05월 16일,좋아요,,,,,,,,
유승빈,5개,2020년 05월 16일,너무재미있어요!!!,,,,,,,,
희찬,3개,2020년 05월 16일,L2할때이게계속드리프트가안꺽어져요,,,,,,,,
해타,5개,2020년 05월 16일,저기요 키가 너무커서 터치가 잘 안돼는데 키 설정 어디있나여 ㅡㅡ,,,,,,,,
윤서정,5개,2020년 05월 16일,짱짱 너무 좋아요 제가 좋아하는 스타일 ^^,,,,,,,,
지경환,4개,2020년 05월 16일,카트라이더는 다 좋은데 카트라이더 재설정 패치가 있어야 할것 같습니다. 재가 1등으로 달리고 있었는데 갑자기 3등이였던 유저가 재설정을 하더니 재 앞으로 왔습니다. 패치좀 해주세요ㅠㅠㅠ,,,,,,,,
계절몽이,4개,2020년 05월 16일,재미있어요! 근데 어려운 부분이 저에겐 좀 많아요... 그래도 해볼만해용!,,,,,,,,
?윌2?,5개,2020년 05월 16일,재밌는데 화면이 1초에 한번씩 바뀌어요 (원래 스무스하게 화면이 움직어야 되는데 화면이 1초에 한번씩 바껴서 1등에서 리타함) 욕하고 싶으니 운영자님이 이걸 보신다면 욕한번 해주세요,,,,,,,,
kki kki,5개,2020년 05월 16일,굿,,,,,,,,
옥정민,1개,2020년 05월 16일,좀 재밌긴한데 용량 너무큼.,,,,,,,,
이경선,1개,2020년 05월 16일,진짜 게임 버그가 너무 많아요 L2단계에서 로드마리가 저를 통과 했어요 진짜 짜증나요,,,,,,,,
박승호,4개,2020년 05월 16일,아니 L2사빙 나니도조절좀,,,,,,,,
[개구쟁이]혜린,2개,2020년 05월 16일,이거 계속튕겨서 의견남는데요 튕기고 끊기고 정말로 하기가 어렵네요 심지어 초대도 안받아집니다 만약 받아졌잖아요? 그럼또 튕깁니다 처음에는뭐 사람이많아서인줄알았더니만 몇칠 몇달이지나도 안되던군요 지금도요 그리고이거너무나도 랙걸립니다 도착까지 얼마안남았남았는데 그새를못참고 또튕겼습니다 처음에는잘?었는데 하다보니까 이젠출석 받는거 조차 못들어가게 막으시네요 제발이 튕김과 끊기는걸어?게막아주세요,,,,,,,,
정윤하,5개,2020년 05월 16일,어...게임 자체는 좋은데 좋은카드들은 너무비싸서 가격좀 낮춰주세요 그리고 티어올리기가 너무어려워요 1등 5점 2등 4점 3등 4점 같은데 2점씩만 더올려주세요 그리고 라이선스 난이도도 하향해주세요,,,,,,,,
김수현,4개,2020년 05월 16일,화질도좋고 무부도있어서 좋은데 지금배찌얻는법이 없어서 아?습니다.,,,,,,,,
김유영,5개,2020년 05월 16일,제밌어요.완전짱짱,,,,,,,,
개복치,4개,2020년 05월 16일,저는 카트라이더 러쉬 플러스를 하는 유저인데 라이선스1 벨런스 드라이빙에서 한 번 떨어지면 끝나야 되는 테스트가 안 끝나니까 그 부분 오류 수정해주시면 좋겠습니다. 그리고 카트라이더 러쉬 플러스를 잘 만들어서 재밌게 하고 있습니다,,,,,,,,
개굴,5개,2020년 05월 16일,기가를 더줄여주세여 제가월래하단깸못해요 2기가씩이나말아먹는뎁,,,,,,,,
이하하,3개,2020년 05월 16일,L2시험보는데싱가폴서킷에서초반에주는카트로하니까드리프트게이지도늦게차고영상은핑크코튼이라현질을해야깰수있나생각이드네요. ..너무느려서재시간안에들어갈수도없네요.....,,,,,,,,
Gds Wow,5개,2020년 05월 16일,사전 등록 했는데 레전드 아이템 주나요?,,,,,,,,
장수혁,5개,2020년 05월 16일,대박이내요,,,,,,,,
김동조,2개,2020년 05월 16일,아니 l2라이센스 서킷 말이안?10.25초 어려움 진짜 제작자님 10.45초로 올려주세요,,,,,,,,
강정욱,4개,2020년 05월 16일,"안녕하세요 카트를 정말재미있게 하고있는 카트유저입니다 제가 카트를 하면서 느낀건데 카트는 정말재미있지만 아쉬윤점이 몇 가지 있었는데요 그중 첫번째가 클럽입니다 클럽울 개설할려면 건전지가 필요한데 건전지는 현질을 해야지만 얻을수 있었습니다 그래서 그냥 클럽을 가입할려고 하면 원만한 클럽은 모두 \""클럽 신청 목록이 가득찼습니다\""라고 뜨더군요 그래서 클럽개설을 돈이나 N코인으로도 할수있게되었으면 좋겠습니다 그리고 2번째는 퀘스트에 하루에 얻을수 있는 최대N코인입니다 하루에 퀘스트로 최대250개까지 얻을수있었습니다 제가 생각하기에는 하루에...<div class=\""cQj82c\""><button class=\""LkLjZd ScJHi OzU4dc  \"" jsaction=\""click:TiglPc\"" jsname=\""gxjVle\"" style=\""font-family: Roboto", &quot;Noto Sans KR&quot;," sans-serif;\"">전체 리뷰</button></div>",,,,,,
조종훈,5개,2020년 05월 16일,사전예약 보상을 주지 않았어요,,,,,,,,
Toptopaviament Park,5개,2020년 05월 16일,와 !!!!!!! 이펙트 와 지렷다,,,,,,,,
scp- 096,1개,2020년 05월 16일,L1라이선스 난이도 개같이 만들었네 아니 난이도를 끄따구로 만들어요? 운영자 그쪽들은 해봄? 난이도를 적당히 해야지 드리프트 살짝 눌렀는데 반대방향까지 돌아가서 떨어져서 완주실패 뜨는건머임? 그리고 달리다가 부스터 안쓰고 쌀짝 부딪쳤어 근데 멀리 날라간서 바닥에 떨어지는건 뭐임? 정내미 떨어지네 하여간 넥슨은 현질유도,서비스,"게임운영 그외 문제들 때문에 욕먹으면서 고칠생각을 안해요 정내미 떨어진다 그리고 유저들한테 사과할때 똑같은 말만 반복하지 마세요~~~ 제대로 사과해야지 복붙이냐? 이런식으로 쓰면 안돼는건 아는데 그쪽들은 게임운...<div class=\""cQj82c\""><button class=\""LkLjZd ScJHi OzU4dc  \"" jsaction=\""click:TiglPc\"" jsname=\""gxjVle\"" style=\""font-family: Roboto", &quot;Noto Sans KR&quot;," sans-serif;\"">전체 리뷰</button></div>",,,,
홍서인,5개,2020년 05월 16일,엄청 재밌어요!! 추억이새록새록 돋는것 같아요!!,,,,,,,,
cheol-u jeong,2개,2020년 05월 16일,드리프트중 박지 않았는데도 게이지가 줄어들고 제대로 가는데도 빠렉걸리고 첫날은좋았는데 나중에 가면 갈수록 버그가 심각한수준으로 가네요 이것만 고쳐주시면 감사하겠습니다,,,,,,,,
강성인,5개,2020년 05월 16일,안녕하세요 저는 카트 라이더를 아주 재밌게 플레이하고 있는 유저 입니다 앞으로더 더 잼밌게 쌔주세요,,,,,,,,
장민우,1개,2020년 05월 16일,현질하려니에러뜨면서안되네요,,,,,,,,
짠디TV,5개,2020년 05월 16일,갓겜 일단 그레픽이 너무 좋고, 소토리도 재밌어요,,,,,,,
뿌슝빠슝,1개,2020년 05월 16일,방향이 맘대로 바껴요,,,,,,,,
김찬솔,3개,2020년 05월 16일,재밌긴 한데 닉네임 처음 바꾼는데 ?질해야되고 역시 넥슨,,,,,,,,
김한용모카김한용의 MOCAR,5개,2020년 05월 16일,너무재미있어요^^,,,,,,,,
강릉왕핵주먹,1개,2020년 05월 16일,넥슨아....이런 현질유도하지말고 스솔 업뎃좀 해 제발좀,,,,,,,,
단감,3개,2020년 05월 16일,재밌긴 한데... 친구가 지금 시작해서 라이선스가 낮아요... 라이선스가 낮은 친구랑 같이 할수 있게 해 주세요!,,,,,,,,
???,5개,2020년 05월 16일,미안하다 이거보여줄려고 어그로 끌었다 그 찐따같던 카트라이더가 맞냐 진짜 세계관 최강의 게임이다,,,,,,,,
안수현,5개,2020년 05월 16일,정말재밌고잘만든게임이라고생각합니다,,,,,,,,
영지,5개,2020년 05월 16일,다좋은데 닉네임 변경을 공짜로 해줬으면 해요...,,,,,,,,
성규진,5개,2020년 05월 16일,게임이 너무 잘되고 렉도없고 너무 좋아요!!,,,,,,,,
울먹,1개,2020년 05월 16일,욕을 하는 무개념 유저와 L2 마지막 2개 역방향게이지 써도 안되고 시간을 좀 많이 주셔야죠 그리고 영상 속 카트도 과금한 유저가 얻을수 있는 분홍카트잖아요..,,,,,,,,
홍승범,5개,2020년 05월 16일,방향전환이자꾸거꾸로되요,,,,,,,,
Jaesoon Roh,4개,2020년 05월 16일,너무재밋습니다! 근데 퀘스트등을다크리어하고나면 보상 을받을방법이없습니다 보상을받을수있는방법을 다양하게추가해주면좋게네요 별1점주는 사람한터하는말 님 핸드폰이고장난거임 ㅋㅋㅋ 그럼 안녕히게세요,,,,,,,,
성용최,5개,2020년 05월 16일,제미 있게 하고 있어요,,,,,,,,
?하임당,2개,2020년 05월 16일,노트북으로 게임 플레이 하는데 게임 데이터 오류로 사용이 제한되었다네요 ;; 갑자기 왜 이러는지 렉 걸리더니 갑자기 그러네요. 이러면 어쩌라는 거죠. 렉 걸리면 하지 말라는 건가요?,,,,,,,,
진호,1개,2020년 05월 16일,게속 서버 검정 이라고 뜨고 게임을 시작할수 없어요..고쳐주세요..,,,,,,,,
tv명환,3개,2020년 05월 16일,재밌어요 하지만 무과금은 건전지를 획득할수 없는게 아쉬워요,,,,,,,,
Jh Ok,5개,2020년 05월 16일,처음,,,,,,,,
링고,4개,2020년 05월 16일,게임 하고 싶은대ㅜㅜ 다운로드 대기중이 많이떠여ㅜ,,,,,,,,
김도윤,1개,2020년 05월 16일,(수정)아니 메일로 넥슨운영자가 나한태 욕하는거 실화?허 참 살다살다 운영자한태 욕먹은건 처음이에여 고소날린다 수고 그리고 스페셜솔져 게임 인수했으면 제대로 업뎃하세요 용량이 부족하면 용량을 ?이세요 제발 해라좀 아니면 월게임즈한태 다시주든가 에휴ㅉㅉ,,,,,,,,
tlgn74,3개,2020년 05월 16일,다 좋은데 월드 체팅에 야한 글이 올라와요 그런것 좀 다 쳐내주세요,,,,,,,,
안규언,2개,2020년 05월 16일,재미있게 하지만 사전예약선물 번호판만줌.ㅠㅠㅠㅠ,,,,,,,,
민주인뎁쇼,3개,2020년 05월 16일,아뉘 설치 하는데 이렇게 오래걸릴 줄이야 이거 빼고는 좋았던거 같아요!,,,,,,,,
김정현,5개,2020년 05월 16일,만들어주셔서감사합니다,,,,,,,,
이복희,3개,2020년 05월 16일,재미 있긴 한데 저 스피드 하려고 하는 데 1분 40초 에 하라고 하는 데 그거느 완주 다못 하는 거에요 그래서 이렇게 말했 어요,,,,,,,,
이대호,5개,2020년 05월 16일,굿 ~,,,,,,,,
ˇ발광머리앤,5개,2020년 05월 16일,재밌어요 !,,,,,,,,
김효경,3개,2020년 05월 16일,다좋아요 그런데 건전지가현질이면 현질러만 좋은카었고 혈질못하는 사람은 좋은차를었는다해도7일정도고 제발이글보고 건전지 도 혈질않하고 었게해주세요,,,,,,,,
신은찬,5개,2020년 05월 16일,조작커스텀이 재접하면 사라짐니다,,,,,,,,
김명수,5개,2020년 05월 16일,재미씀 보상좀더 퍼주면 좋겠슴 사전에 플래이했던사람들 보상주면 좋겠슴 그때 열심히 계정 키웠는데 아까움,,,,,,,,
망고맛쿠키,5개,2020년 05월 16일,저 시작한지 2일 C코인인가K코인으럴 솔라 샀습니다 와우 1그리고 건전지 라는 표현 좋네요,,,,,,,,
고추유튜브,5개,2020년 05월 16일,너무 재밌음,,,,,,,,
B_감자전,5개,2020년 05월 16일,조아용,,,,,,,,
손진혁,4개,2020년 05월 16일,게임은 정말 재밌습니다 하지만 닉네임을 한 번은 무료로 해주었스면 합니다 실수로 닉네임을 잘못 치면 현질이 안이고서야 못 봐꿉니다 (게임은 정말 즐거워요^^),,,,,,,,
피그맨,5개,2020년 05월 16일,재밌네요!,,,,,,,,
힐링뮤직,1개,2020년 05월 16일,기대하면서 사전예약까지해가면서 기다려왔는데 그 대가가 왜 이런거죠?? 다운로드가 되다가 안되다가 되는과정에서 다른걸하다가보면 설치되다가도 취소가되어있고 어떨때는 99% 까지갔는데 취소가되질않나 게임을 하라는건가요? 말라는건가요??,,,,,,,,
김.혜정,3개,2020년 05월 16일,업데이트도엄청안되고튜토리얼너무많아요,,,,,,,,
도박,1개,2020년 05월 16일,컴으로하지마,,,,,,,,
Dr. her,3개,2020년 05월 16일,깔리는게 너무 느리게 깔리네여 ㅎ,,,,,,,,
U.S미국,5개,2020년 05월 16일,최적화가 잘되있어요♥♥♥♥,,,,,,,,
로블충방사능,5개,2020년 05월 16일,핵꿀잼,,,,,,,,
송승재입니다,5개,2020년 05월 16일,카트라이더가 모바일로 나와서 더 꿀잼 이예요,,,,,,,,
김현민,1개,2020년 05월 16일,라이센스L2 마지막미션 시간이너무짧아요 뭐 다른것은금방하는데 그거만 통과가안되네요 제한시간을 최소 1분30초로 수정해주세욥,,,,,,,,
최태환,5개,2020년 05월 16일,저번 베타테스트 재미있었어요^^ 그래서 더기대중이에요~~,,,,,,,,
어떤사람,5개,2020년 05월 16일,재밌어요. 배경도 디테일하고 차도 멋져요. 그리고 컴퓨터 카트 보다더 쉬워요.,,,,,,,,
서윤ツ,1개,2020년 05월 16일,앱을 설치할려고 하는데 계속 안돼요?,,,,,,,,
서인석,5개,2020년 05월 16일,카트가멋있고 재미있어요 그랙픽도좋고 랙도하나도안걸려요,,,,,,,,
오디새,5개,2020년 05월 16일,너무 최적하가 잘된거 같에요! 카트라이더 러쉬 플러스 화이팅!,,,,,,,,
김상진,2개,2020년 05월 16일,랙심함 끊김현상심함,,,,,,,,
김성태,5개,2020년 05월 16일,너무재미있다너무너무와대박,,,,,,,,
서영승,5개,2020년 05월 16일,키트 하다가 중간에 멈추는 거 내 폰 문제인가요?,,,,,,,,
차영숙,1개,2020년 05월 16일,진짜 실수한번만 하면끝이네요,,,,,,,,
아키다키YouTube,5개,2020년 05월 16일,제가 넥슨을 그렇게 좋아하지 않았는데 이렇게 완성도가 높게 낳을줄은 몰랐네요 한중에서 만든 카트라이더 러쉬플러스 평점 full점 드리겠습니다.,,,,,,,,
김태윤,5개,2020년 05월 16일,정말 재미있고 재미있어요ㅎㅎ,,,,,,,,
안태선,1개,2020년 05월 16일,게임 즐기는 사람들은 게임을 많이 하는데 접속시간이 지날때마다 보상이 적어지는게 진짜 별로에요;;이거 최대한 빨리 수정해주세요;;,,,,,,,,
Kevin Choi,5개,2020년 05월 16일,자동플레이가 아니라서 좀 더 인간미가있는 추억의게임,,,,,,,,
네오시스템,5개,2020년 05월 16일,절대 질리지안는 게임,,,,,,,,
주환,5개,2020년 05월 16일,겁나 재미있음,,,,,,,,
김시윤,5개,2020년 05월 16일,너무 잘 만들었어요!,,,,,,,,
이명임,5개,2020년 05월 16일,ㅅㄴ서?,,,,,,,,
학주,1개,2020년 05월 16일,1등이었는데 계속 아무것도 안 했는데 뒤에서 부활해서 꼴등 됨 망겜,,,,,,,,
김현진,5개,2020년 05월 16일,개꿀잼 이거대박,,,,,,,,
김채희,5개,2020년 05월 16일,보며보며모머머머머ㅕ?7ㅁ7며?,,,,,,,,
Roblox 세상tv,3개,2020년 05월 16일,안녕하세요 카트라이더 러쉬 플러스를 즐기고있는유저입니다 다른것들 그래픽 이런건 다좋지만 채팅이문재인거 같아요 이상한말 욕설 저보다어린아이들이 그런뜻을 알면안된다고생각합니다 이점고쳐주시면 감사하겟습니다,,,,,,,,
이의찬,1개,2020년 05월 16일,커팅드리프트를 검색해서 보고 따라햇는데 안되여,,,,,,,,
황영훈,1개,2020년 05월 16일,라이선스난이도좀나추어주세요,,,,,,,,
스크루개복치,4개,2020년 05월 16일,카카오로 서비스 했던 다함께 붕붕붕이 생각나서 재미있네요.,,,,,,,,
Y ACT,4개,2020년 05월 16일,설치가 안됨,,,,,,,,
이민호,1개,2020년 05월 16일,엄마가 같은 계정으로들어오고나서 확인이라고 뜨니까 확인 이라고늘어는데 다시 들어가도 처음부터 다시 시작함 돈쓴거 환불이라도 해주셈 계정은 새로 해도 ?니까 연결되지 않은 계정 닉네임은 이름은장식 현질를한건 로얄시즌패스B 건전지200개,,,,,,,,
사과띄,1개,2020년 05월 16일,이거 넘 짜증ㄴr용.ㅠ아빠폰으로 해봐서 아는데 이거 너무 짜증나네욜. 전 별로 추천 드리지 않아요 (별 1개 주기 아깝),,,,,,,,
김효준,3개,2020년 05월 16일,와우,,,,,,,,
죄강고수장홍우 빚심판자,5개,2020년 05월 16일,카트라이더 러쉬풀러스:2020최고의화제작 지금바로 다운로드하라,,,,,,,,
홍봉석,1개,2020년 05월 16일,아니 이거 제가 깔진않았는데 이게임 제개임 다지워도 네이버까지 지우라네요? 그레서 저엄마한테도 혼났거든요 용량좀 줄여주세요,,,,,,,,
??,4개,2020년 05월 16일,재미는 있는데...다른 콘텐츠가 없네요 아쉽네요,,,,,,,,
김현규,3개,2020년 05월 16일,넵..우선 좋은게임입니다 그런데 현질유도를 좀 많이하네요.. 현질해야하는것도 많고 닉 변경하는데도 k코인이나 돈이 아닌 건전지로 바꾸는것이더라고요 그리고 카트는 제 친구도 인정했듯이 카트라이더는 카트빨이라고 하더라고요.. 현질안하고도 초보자들이 쉽게 이길수있는카트를 주던가 건전지 사용하는것을 좀 줄여주세요 그거말고는 게임이 정말 신나고 재밌네요~,,,,,,,,
안종명,5개,2020년 05월 16일,최고,,,,,,,,
지호연,2개,2020년 05월 16일,핸들 컨트롤러 씹힘 그리고 라이센스 너무 어려움 영상봐도 모름 솔직히 지우고 싶음,,,,,,,,
지콩님,3개,2020년 05월 16일,친구들이랑 해야지만 재미를 느끼고 재미로 웃는 그런 느낌은 아닌것 같네요.. 조금만 더 많이 아이템을 추가 부탁드립니당!,,,,,,,,
하이,5개,2020년 05월 16일,다시 나온 카트 모바일 좋은데요? 근데 카트 랑 캐릭터 들이 너무비싸다는.. 넥슨 게임 답게 돈 써야 되나요....?ㅋㅋㅋ,,,,,,,,
??갸보띠,4개,2020년 05월 16일,다좋긴 한데 실수로 나갔다 들어오면 화면이다 검은색으로돼요 이거 저만그런가요???(고처주세요ㅠㅠ),,,,,,,,
나성훈,5개,2020년 05월 16일,재밌네요,,,,,,,,
안영선,5개,2020년 05월 16일,조작도간단하고 만화도있어총학생1학년까지쉽게할수있을거갔아요,,,,,,,,
ZE RO,5개,2020년 05월 16일,재밌네요. 근데 랭킹 1위에 vv김브오vv라는 사람이 핵을 쓰네요? 핵ㅆ는 분들은 왼만하면 영정 주시면 감사하겠습니다.,,,,,,,,
뿌블,5개,2020년 05월 16일,너무 재밌고 너무 잘나와서 좋아요 이거 안하면 손해 임다,,,,,,,,
서명한,1개,2020년 05월 16일,되게 재미없음 똥게임,,,,,,,,
탱이,2개,2020년 05월 16일,재미없음,,,,,,,,
요플레옹,5개,2020년 05월 16일,?잼,,,,,,,,
우태권,5개,2020년 05월 16일,겁나재미있어요,,,,,,,,
찰력이네,1개,2020년 05월 16일,저 왜자꾸 정지먹죠? 게임 오류로 인해 게임이제한되었다고 떠요.. 카트닉 찰력 입니다... 빨리점 수정해주세요 ㅡㅡ,,,,,,,,
윤지영,1개,2020년 05월 16일,언제까지 서버점검할거에요!!!!!!! 좀 빨리!!!!!,,,,,,,,
이므시라고,3개,2020년 05월 16일,특별회원이용중인데 5월12일에구매. 일일혜택으로 건전지 12개씩들어오는건데 하나도안들어옴,,,,,,,,
민기,5개,2020년 05월 16일,진짜 이거 너무재밌어요,,,,,,,,
조성국,5개,2020년 05월 16일,초보도 할수 있고 그래픽도 아주 좋습니다.,,,,,,,,
김윤성,1개,2020년 05월 16일,카트라이더 겁나재밌없네,,,,,,,,
조재봉,5개,2020년 05월 16일,대존잼,,,,,,,,
??,2개,2020년 05월 16일,어이없네요. 게임을 들어가서 플레이 하려고만 하면 업데이팅 알림이 뜨고, 2번이나 17분을 들여서 업데이팅을 하면 나갔다 들어오라고 합니다. 그래서 나갔다 들어오면 또 업데이팅을 하라네요? 3번째까지 희망을 걸고 업데이팅을 하기엔 이제 지칩니다. 짜증나네요,,,,,,,
스탈린,4개,2020년 05월 16일,L2라이센스 싱가폴서킷이랑사빙공 시간좀늘려주시면않돼나요? 시간이부족해서 골인지점앞에 두고리타하는 경우가 종종있어요,,,,,,,,
실바우,4개,2020년 05월 16일,다 좋은데 아까부터 자꾸 그냥 드리프트 하는데 끌기가 돼고 끌기 쓰니가 일반 드리프트가 써집니다 이거 좀 고쳐주세요 그리고 일반에 해적맵에서 지름길 뱅뱅 도는구간이수 죽으묜 살아 날때 무조컨 커브해야 살수 있어요 안 하면 죽고요 무한 반복 ?니다,,,,,,,,
이진아,5개,2020년 05월 16일,짱,,,,,,,,
미르스띤넘델,5개,2020년 05월 16일,앙 앙 기모리 완전 좋음,,,,,,,,
하이요,5개,2020년 05월 16일,"갓갓갓갓갓갓갓갓갓갓갓갓갓갓갓갓갓갓갓갓갓갓갓갓갓갓갓갓갓갓갓갓갓갓갓갓갓갓갓갓갓갓갓갓갓갓갓갓갓갓갓갓갓갓갓갓갓갓갓갓갓갓갓갓갓갓갓갓갓갓갓갓갓갓갓갓갓갓갓갓갓갓갓갓갓갓갓갓갓갓갓갓갓갓갓갓갓갓갓갓갓갓갓갓갓갓갓갓갓갓갓갓갓갓갓갓갓갓갓갓갓갓갓갓갓갓갓갓갓갓갓갓갓갓갓갓갓갓갓갓갓갓갓갓갓갓갓갓갓갓갓갓갓갓갓갓갓갓갓갓갓갓갓갓갓갓갓갓갓갓갓갓갓갓갓갓갓갓갓갓갓갓갓갓갓갓갓갓갓갓갓갓갓갓갓갓갓갓갓갓갓갓갓갓갓갓갓갓갓갓갓갓갓갓갓갓갓갓갓갓갓갓갓갓갓갓갓갓갓갓갓갓갓갓갓갓갓갓갓갓갓갓갓갓갓갓갓갓갓갓갓갓갓갓갓갓갓갓갓갓갓갓갓갓갓갓갓갓갓갓갓갓갓갓갓갓갓갓갓갓갓갓갓갓갓갓갓갓갓갓갓갓갓갓갓갓갓갓갓갓...<div class=\""cQj82c\""><button class=\""LkLjZd ScJHi OzU4dc  \"" jsaction=\""click:TiglPc\"" jsname=\""gxjVle\"" style=\""font-family: Roboto", &quot;Noto Sans KR&quot;," sans-serif;\"">전체 리뷰</button></div>",,,,,,
하상규,3개,2020년 05월 16일,게임은 다 괜찮은데 저 사전예약 했는데 사전예약 탬이 않들어와 있어요,,,,,,,,
심찬현,4개,2020년 05월 16일,L1 너무 어렵네요 ㅠㅠ 노익진짜 ㅠㅠ 그리고 가끔 드리프트나 방향전환이 가끔 씹힐때가 있더라고요. 그리고친구랑 카트를 하려는데 친구가 L2를 못따서 같이 못하는 부분이 있습니다 ㅠㅠ 친구랑 할 때는 라이선스 상관없이 할 수 있으면 좋겠어요. 그래도 재밌네요!!!,,,,,,,,
블루드래곤,1개,2020년 05월 16일,아니 출시돼고 나선 재밌어여 근데 게임을 하는데 버그인지 경험치를 17,27이렇게 주더라고여 업뎃해서 경험치 돼 돌려쥬세여!!!,,,,,,,
최정규,1개,2020년 05월 16일,이게임너무싫다,,,,,,,,
?와,5개,2020년 05월 16일,좋아효 자세히보기,,,,,,,,
김서진,5개,2020년 05월 16일,재밋닷,,,,,,,,
백문성,1개,2020년 05월 16일,하. 이거 게임시작 나오는데 안나와요 접은ㄱㄱ,,,,,,,,
진실,자유,평화,5개,2020년 05월 16일,유튜브 신의한수,공작왕,가로세로연구소,,,,
이광진,1개,2020년 05월 16일,L2 라이센스 로두마니 핵쟁이 실화?,,,,,,,,
거북tv,5개,2020년 05월 16일,소 어메이징,,,,,,,,
권수민,3개,2020년 05월 16일,클럽에 못 들어가는대 퀘스트가 크럽들어가기가 말이되요?,,,,,,,,
2 sinra,1개,2020년 05월 16일,설치가 되야 하지 카트가 봉쇄겜이여도 입구부터는 아니잖아 29트째만에다운로드가됨 문제는다운로드만됨,,,,,,,,
TR.휴휴,5개,2020년 05월 16일,너무재미있고하다보면푹빠집니다,,,,,,,,
박아?너?어선아,5개,2020년 05월 16일,와 이게 게임이냐 너무 재밌네 아 그리고 이것 게임이지 그런데 이거 너무 재미있어요,,,,,,,,
최영수,5개,2020년 05월 16일,갓겜,,,,,,,,
로블록스 플레이어,3개,2020년 05월 16일,너무설치가안돼요다른건다좋은뎅...,,,,,,,,
???,1개,2020년 05월 16일,용량부족도아니고 핸드폰에 문제가생긴것도 아닌데 다운로드가 안되네요 카트라이더만 안깔려요,,,,,,,,
나는바로한국인,5개,2020년 05월 16일,진짜 재미있네요~^^ ???????????,,,,,,,,
김레드tv,4개,2020년 05월 16일,라이선스가 너무 어렵네요,,,,,,,,
검은콩햇자반,5개,2020년 05월 16일,꿀잼,,,,,,,,
김성준,4개,2020년 05월 16일,로딩이 느리네요,,,,,,,,
철도덕후홍왕입니다,5개,2020년 05월 16일,와.갓겜이네요.전 컴퓨터로 카트라이더를 즐겼던 유저중 1명이었습니다.근데 모바일 카트라이더가 더 재밌는거 같아요!!정말 잘 만들었네요.제작자분들 힘네시고,앞으로도 카트라이더처럼 갓겜 마니마니 만들어 주세요!!,,,,,,,
래래전드TV,4개,2020년 05월 16일,다 좋긴한데 라이선스테스트L2~L1은 밸런스 패치 좀 해주세요.,,,,,,,,
임찬,2개,2020년 05월 16일,재미는있는데 초보자헬멧 솔직히이제없애야함 그리고 와이파이 개많이끊기네,,,,,,,,
제민우,2개,2020년 05월 16일,다좋은데 지름길이 막혀있고 다른사람들은 지나가는데 저는 막히고 야발 제발 지름길좀 뚫어요 제발,,,,,,,,
K은솔,1개,2020년 05월 16일,저만그런곤진 모르겠지만 가꿈 게임을 시작할때 세로로 게임이 시작되려고 하지만 시작하기가 안눌립니다. 게임이 실행이 안되요 이 장애같은 거좀 고쳐주세요 가로로플레이 하는 게임이 왜 세로로 시작을 합니까;;,,,,,,,,
au들샌즈와,4개,2020년 05월 16일,카트라이더 PC유저 입니다. 여기는 지름길이 타기 조금 더 쉽고 조작도 간편하지만 라이센스에 따라 맵을 나누는건 아니라고 생각합니다. 그래도 재밌으니 4개 드리겠습니다.,,,,,,,,
김진,5개,2020년 05월 16일,너무재미있어요,,,,,,,,
김은수,4개,2020년 05월 16일,재미있고 꼭 추천 하고싶습니다 그런데 맵이 맘대로 정해져서 좀 불편한점이있습니다,,,,,,,,
단샷,4개,2020년 05월 16일,L1 라이센스를 따기 위해 열심히 노력을 해왔습니다. 제일 마지막 미션이 어려워서 타임어택으로 연습을 해보려 했으나 L1을 따지 못하면 플레이 조차 못해서 부분마다 연습하기 정말 힘드네요.,,,,,,,,
김다한,2개,2020년 05월 16일,"제작자나 운영자 관계자님 읽어주세요 카트라이더 러쉬플러스는 일단 시스템은 잘되있어요 근데 현질유도가 너무 심해요 그리고 사전등록하면 레전드스피드카드 영구정도는 줘야하는거 아닙니까 그리고L2 라이센스 5번째 너무 어려워요 어린애들이 하는건데 난이도를 많이 올려놨네요 그러면 다접어요 그리고 건전지도 조금씩이라도 줘요 건전지가 없으니까 아무것도 못해요 그리고 버그있어요 L2 라이센스 4번째 로두마니 추격에서 로두마니한테 부딪히면 속도저감은 이해가되는데 길막해서 부딪히면 밀리는게 정상인데 제가 뒤로가고 속도저감되네요 그리고 세이버 RED해...<div class=\""cQj82c\""><button class=\""LkLjZd ScJHi OzU4dc  \"" jsaction=\""click:TiglPc\"" jsname=\""gxjVle\"" style=\""font-family: Roboto", &quot;Noto Sans KR&quot;," sans-serif;\"">전체 리뷰</button></div>",,,,,,
까르.,5개,2020년 05월 16일,버그망갬,,,,,,,,
손형석,5개,2020년 05월 16일,"전 카트라이더를원래1년전부터 하고 있는유저입니다 너무재밌고 댓글을 보면서 수집욕을 자극하는게 없다고 했던 사람이 보여서 걱정했는데 다행이 기존카트라이더 이상으로 재밌고 라이센스같은경우 초보들은 공략을 보지않는이상 하기 힘들어하는겡우가 있는데 다 너무좋고 초보들도 쉽게 접할수있어서 좋았습니다 하지만 뒤로갈수없어 잘못가서 뒤로 가야하는경우에 바로잡는데 너무오래걸리고 수집욕이 부족하다고 느끼진 않는데 아이템이나 카트 캐릭터 스키드등이 아직 많이추가않되서 조금 수집욕이 떨어지는 느낌이 없지않아 있습니다 되도록 빨리업데이트해서 더 재밌는 카...<div class=\""cQj82c\""><button class=\""LkLjZd ScJHi OzU4dc  \"" jsaction=\""click:TiglPc\"" jsname=\""gxjVle\"" style=\""font-family: Roboto", &quot;Noto Sans KR&quot;," sans-serif;\"">전체 리뷰</button></div>",,,,,,
픽쳐 picture main,1개,2020년 05월 16일,설치중이라계속떠,,,,,,,,
조원태,3개,2020년 05월 16일,설치시간이 느리네요... 재미있기는해요 설치시간이빠르면 ☆ 5개 ㅎㅎㅎ,,,,,,,,
Y.H Cho,5개,2020년 05월 16일,PC카트라이더를 즐기고 있는 입장에서는 게임이 훨씬 역동적으로 변했다고 말씀드릴 수 있을 것 같습니다. 또한 즐길 수 있는 컨텐츠가 다양해서 게임을 즐기는 방식이 다양해질 것 같습니다.,,,,,,,,
Google 사용자,5개,2020년 05월 16일,이번엔 모바일?! 드디어 모바일로 나온 카트라이더 이군요? 정말 재미있게 잘 플래이하고 있습니다!! (안 접어야지~) 감사합니다! nexon amazing!,,,,,,,,
민트초코,1개,2020년 05월 16일,이거 잘 안깔려요 와파있으면 깔리는데 자꾸 설치중에서멈처요,,,,,,,,
anonymous,1개,2020년 05월 16일,아니........진짜....이거 하...넥슨님들 누구보더 먼저 사전등록하고 다운로드버튼 기다리다 눌렀는데 왜...도대체 지금 23번째 다운로드 하고있습니다 버그 왜 안고처 줌니까 어리없고 실망했습니다,,,,,,,,
밀크초코,5개,2020년 05월 16일,제미,,,,,,,,
황규식,5개,2020년 05월 16일,이 게임 정말 재밌어요 화질도좋고 개발자님 앞으로 이런 재밌는게임 많이 만들어주세요^^,,,,,,,,
윤원경,4개,2020년 05월 16일,카트빨이 커요;;;;,,,,,,,,
민성공,1개,2020년 05월 16일,처음 글적습니다.. 네트워크오류.. 저만 뜨는건가요..,,,,,,,,
채수빈,3개,2020년 05월 16일,드리프트가 매끄럽지 않고 이거 뭐 현질유도 게임이고 이게 게임입니까? 이런게임하기가 시간낭비입니다,,,,,,,,
급식츙,5개,2020년 05월 16일,다 재미있어요 컴퓨터보다 그래픽좋고 근데 제가 티어는 거의 안올리고 라이센스만 깨는데 라이센스1이 라이센스2에 비해 너무 많이 어려워진거같아요,,,,,,,,
송하림,1개,2020년 05월 16일,갑자기 카트가 버전이 안된다고 나가지네요,,,,,,,,
윤민영,1개,2020년 05월 16일,처음에 깔았는데 네트워크 확인하라고 했는데 5기가 와이파이 되있거든요? 근대 자꾸 올 나네요 제가 했던 게임중에 최악입니다,,,,,,,,
Yonghyun1 Kim,5개,2020년 05월 16일,굿,,,,,,,,
Yeong Tak KIM,5개,2020년 05월 16일,좋아요 기모띠,,,,,,,,
Lucky man,5개,2020년 05월 16일,친구레이싱에비해서 익사이팅하고 예전카트라이더랑 너무 비슷해서 아주 재미있습니다. 근대 스마트폰 기종도 최신인데 간간히 팅겨서 앱이 종료가 되네요,,,,,,,,
김태정,1개,2020년 05월 16일,이 게임은 꼭 로그인 해야되서 엄청 재미없어요,,,,,,,,
shawn lee,4개,2020년 05월 16일,저만그런가요?? 2일쯤동안 계속 서버점검중이라 그럽니다... 그래도 되면 별5개,,,,,,,,
레알낙첨,3개,2020년 05월 16일,아주 좋은게임이다 근데 질린다 쉽게 뽑기나 가챠가 있으면 재밌게할수있을것같은데 현질을해서 건전지로 살수있는거. 그런게 조금 아쉽다 현질을 2400원해서는 턱없이 부족하다 레전드 해독기를 살려면 건전지가필요한데 K코인으로 레전드 해독기를 샀으면하는 마음이다 조금씩 질린다....달리기만하고...흠...가챠나 그런것을 만들어주면 5점만점에 5점이다!,,,,,,,,
홍승재,1개,2020년 05월 16일,여러분 이게임 하지마셈 사기게임,,,,,,,,
레몬TV,1개,2020년 05월 16일,나계속다운로드않돼,,,,,,,,
리버스Reverse,4개,2020년 05월 16일,컴퓨터 때부터 해왔던 사람입니다. 모바일로 나오니 캐주얼하게 즐길 수 있어서 좋은 거 같습니다.,,,,,,,,
정훈,4개,2020년 05월 16일,저에게 라이센스가 조금 어려워서 좀 힘들었숩니다 라이센스 난이도를 조금 나춰주시길 바랍니다,,,,,,,,
강윤진,1개,2020년 05월 16일,게임은 재미있는데 월드 체팅창에 수위가 높은 말이나 욕설을 하는 것을 자제 해주셨으 면 좋겠습니다. 저는 초등학생 인데 보기가 쫌 그렀네요...,,,,,,,,
박경일,5개,2020년 05월 16일,정말 재미있어요!!,,,,,,,,
이진표,5개,2020년 05월 16일,랙도 거의 안걸리고 게임 넘 좋음!!,,,,,,,,
Ji-Ho Choi,1개,2020년 05월 16일,별로재미없고 시시해요,,,,,,,,
린,5개,2020년 05월 16일,안녕하세요 저는 너무나도 재미있게 플레이하고있어요. 근데 현질이 넘 많은것같아요 그것만 빼면 괜찮을것 같아요 중독성있고 매일하고싶은게임 이랄까?,,,,,,,,
신현민,2개,2020년 05월 16일,랙 떼메 멍처요 꼴등을해요! 랙 게임,,,,,,,,
KAYWON PARK,3개,2020년 05월 16일,5,06년때부터 카트라이더를 한 초기멤버입니다. 오랜만에 해서 그런건지 캐릭터가 못생겨진거 같고 하루 10시간을 카트라이더로 어제 즐겼는데 튕김이 많은거같네요. 그래도 보상은 잘나오고 좋습니다. 하지만 아쉬운점은 페이스북 같운걸 연동하였을때 페이스북 친구가 안나오는 것입니다. 게임은 재?긴 한데 아쉬운 덤도 많습니다. 감사합니다. ^^,,,,,,,
이찬우,5개,2020년 05월 16일,pc로 10여년간 즐기다 군생활로 카트와는 거리가 멀어진 사람입니다. 모바일로 카트가 한번씩 나오긴 했으나 이번만큼은 카트 모바일 띵작인거 같습니다,,,,,,,,
이희수,5개,2020년 05월 16일,재밌네요,,,,,,,,
권영준,1개,2020년 05월 16일,8900원 시즌패스 살라했는데 오류뜨면서 돈만나가고 구매가안됨 빠른조치부탁드립니다..,,,,,,,,
몰라,5개,2020년 05월 16일,굿,,,,,,,,
손수현,1개,2020년 05월 16일,응 도정우 재미없어 카트라이더 망겜,,,,,,,,
조준혁,1개,2020년 05월 16일,아니게임다삭제했는데왜다운로드안됨?,,,,,,,,
신한별,5개,2020년 05월 16일,간만에 넥슨이 모발겜 제대루 만들었네,,,,,,,,
정재영,5개,2020년 05월 16일,너무재미있어요근대레벨올리기가힘들어요,,,,,,,,
선예훈,5개,2020년 05월 16일,카트라이더를 즐겁게 즐기고 있는 유저 입니다 근데 카트라이더 러쉬+ 에서 소리가 안나오더라구요. 제동생은 소리나오게 할려고 지웠다 깔고 지웠다깔고 해서 계정만 자꾸 날라가고 지웠다깔아도 소리가 계속 안나오네요 소리안나오는 거 오류,버그 인가요? 다른 사람들은 소리가 다 나오던데... 답변 부탁 드립니다.,,,,,,,
앙?태훈띄,5개,2020년 05월 16일,진짜 완전 꿀잼~! 이 게임은 핵 없으면 좋겠다...,,,,,,,,
요리마늘,1개,2020년 05월 16일,왜 설치가 안돼냐고,,,,,,,,
seungjoo hong,5개,2020년 05월 16일,너무너무 재밌어요?속도감 짱이고 아이템전도 재미있어요.,,,,,,,,
민쇼크,5개,2020년 05월 16일,저는 S10 e를 쓰는 사람인데 삼성폰에 최적화 되어있네요 아이폰도 되나요 친구들에게 알려주려고요,,,,,,,,
유승희,5개,2020년 05월 16일,가앗게엠~~~~~~,,,,,,,,
그림자,1개,2020년 05월 16일,아니 용량이 너무많아 1그램이야,,,,,,,,
꿈꾸는자매고자매TV,5개,2020년 05월 16일,진짜좋아요!!!,,,,,,,,
장재훈,3개,2020년 05월 16일,안녕하세요 카트 L2에 있는 사람입니다. 제가 왜 별3개를 주었냐면 pc는 라이센스딸때 떨어져도 다시 살아났는데 러쉬플러스는 왜 안살아 나죠??그리고 러쉬플러스는 파츠도 없는데 레벨업이 있더라구요.도데체 무슨 차이가 있는거죠??,,,,,,,,
김정하,4개,2020년 05월 16일,겁나 재밌음,,,,,,,,
한승현,5개,2020년 05월 16일,꿀잼,,,,,,,,
게임마을,5개,2020년 05월 16일,GOOD,,,,,,,,
가빈,2개,2020년 05월 16일,ㅇㄴ AI는 당욘이 못이기는데 계속 앞으로만가고 옆으로돌리면 아에 옆으로가구 이게 몬겜이죵 솔직히 모바일 카트 아닌거같습니다 컨트롤 좀 밖아 주세요 너무불편하고 시나리오모드 1-6에서 첨부터 적이 너무 빠르게가는가아님니까 ;;; 이점좀 고쳐주세요 진짜 컨트롤 하기도힘든데 AI를붙혀놓고있어 ;;;,,,,,,,,
motis gogo,1개,2020년 05월 16일,굉장히 안좋습니다.니 면상,,,,,,,,
최승민,5개,2020년 05월 16일,좋아요,,,,,,,,
윤대룡,5개,2020년 05월 16일,ㅇ이잉,,,,,,,,
찬영,3개,2020년 05월 16일,조작 설정 조작키 3키 모드 잘되다가 왜 드리프트가 않되죠?,,,,,,,,
임권섭,4개,2020년 05월 16일,잼,,,,,,,,
조지현,5개,2020년 05월 16일,현질도 조금 밖에 안해도됨,,,,,,,,
Somury Gookbob,3개,2020년 05월 16일,다 좋은데 친구와 친선전을 하려는 데 라이센스 차이 때문에 못 한다는 게 굉장히 아쉽네요. 친구와 할 때 리이센스 어쩌구 하는 건 없앴으면 좋겠습니다. 그리고 ui가 좀 구려요.. 양산형 똥겜스럽네요,,,,,,,,
Jumgu Kang,1개,2020년 05월 16일,게임깔때 너무느려요 !!,,,,,,,,
이주석,5개,2020년 05월 16일,사전예약하면 보상이 무엇인가요.,,,,,,,,
김정훈,4개,2020년 05월 16일,안녕하세요 저번에 저장공간 말했던 사람입니다 이번에 카트를 힘들게 깔고 하고 있었는데 라이선스 2 에나오는 점프 드리프트 다음을 하고 있는데 계속 어려워요 이건 좀 수정해 주시면 감사하겠습니다.,,,,,,,,
Knights Black,1개,2020년 05월 16일,재미없어 안해 폭망하는게임 그리고 돈넥슨 언제 매각하걸요? 빨리매각하고 꺼져세요. 돈넥슨 회사 꼴보기 싫네요. 빨리중국에서 매각하세요. 당장~,,,,,,,,
이하영,5개,2020년 05월 16일,예전에 컴퓨터 카트라이더 갔군요,,,,,,,,
김용섭,5개,2020년 05월 16일,대박,,,,,,,,
어그리드,1개,2020년 05월 16일,다른게임들은 깔리는데 이 카트라이더만 안깔리네요...저도 해보고 싶은데 안되네요...,,,,,,,,
이보희,1개,2020년 05월 16일,뉴비코스튬 왜 안주세요??암만 뒤져도 코스튬에 안들어가있는데요,,,,,,,,
이영광,5개,2020년 05월 16일,좋아요,,,,,,,,
바보tutu,1개,2020년 05월 16일,네트워크오류 브롤급임,,,,,,,,
이준환,5개,2020년 05월 16일,그렇게 어렵지는않아요 다만 초반에 드리프트만 잘 한다면 엄청나게 재미있는게임이 될꺼에요,,,,,,,,
TV Black늑대,5개,2020년 05월 16일,재밌는 게임입니다,,,,,,,,
박경란,5개,2020년 05월 16일,아조 좋아요 진짜진짜 재밌으니까 한번해 보세요,,,,,,,,
junho4928,5개,2020년 05월 16일,Pc카트는 어려워서 못했는데 모바일은 쉽고 재미있네!,,,,,,,,
??,5개,2020년 05월 16일,안녕하애여,,,,,,,,
{채유},5개,2020년 05월 16일,너무 재미있습니다! 사전예약도 하길 잘 했구요!!,,,,,,,,
김선우,5개,2020년 05월 16일,핵이 많아요 그런데 재미있어요근데 핵좀 고쳐주세요,,,,,,,,
원태희,5개,2020년 05월 16일,재미있게 하고 있어요.,,,,,,,,
박원재,5개,2020년 05월 16일,ㅇㄱㄹㅇ 최고!,,,,,,,,
Insik Kim,3개,2020년 05월 16일,응 잘 옮겨왔는데 게임이 그냥 개 고였다,,,,,,,,
이미소,1개,2020년 05월 16일,게임처음설치할때오래거린고 게임에드러갈때복잡해요,,,,,,,,
김동혁,5개,2020년 05월 16일,카트라이더를 아주 잼나게 즐기고 있는 유저입니다 소소한 과금도 하면서 컨텐츠를 즐기고 있는데 여기서 단점은 과몰입 방지를 막기위해서 루찌랑 경험치가 깍이는건 아니라고 생각합니다 게임을 풀로 돌리는 사람에게는 독이됩니다 순간 정내미가 확떨어질뻔했어요 의도하는 바는 알겠지만.. 라이트하게 즐기는 사람아니면 반기지않을것같습니다 10시간 이상한것도 아니고 5시간부터 적용이라니... 신속히 개선바랍니다!,,,,,,,,
김나경,5개,2020년 05월 16일,완전재미있어요,,,,,,,,
김경호,5개,2020년 05월 16일,GOOD,,,,,,,,
땀펑카트&amp;마크,4개,2020년 05월 16일,아니 사전등록 했는데 나만 아이탬 안들어 온건가...일단 이름 드릴게요 땀펑 구독 입니다,,,,,,,,
풍제로,1개,2020년 05월 16일,야시 ㅡㅡ 설치 5만원째같은 느낌 설치 안됨1.3기가 반복 내데이타,,,,,,,,
serendipity,5개,2020년 05월 16일,인터넷이랑 똑같아서 재밌어요,,,,,,,,
인센티브,4개,2020년 05월 16일,스피드전 한판하고 나면 꼭 한명없어지고 안들어오고 누가봐도 봇인데 왜 스피드전 죄다 봇이 하는지 모르겠네요. 재미는 있는데 일반 유저들 끼리 만날 수 있게좀 해주세요,,,,,,,,
큐아기자기한큐큐,1개,2020년 05월 16일,시이이이이발이게게임이냐??!?!?!?!?!1L쉽게좀만들어라이미친넥슨아!!!!,,,,,,,,
에스카르테,5개,2020년 05월 16일,옛겜성 지림 ㅋ,,,,,,,,
진이난-tired,1개,2020년 05월 16일,오늘도 넥슨했다,,,,,,,,
한창호,3개,2020년 05월 16일,"넥슨게임이여서 그런가 현질해야하는거 빼고 괜찮은거같습니다 그리고 공략영상 찍을때 제발 연카로 깨보십쇼! 진짜 카트차이 심한데 사람새끼 놀리는것도 아니고 뭔 ^^ㅣ발 우리는 개 그지같은 차 주고 1분25초 깨라는게 사람새끼입니까? 결론:\""넥슨\""이 \""넥슨\""했다!",,,,,,,,
익명,5개,2020년 05월 16일,야 ㅋㅋ 갓겜인데? 3d에 화질개선이라길레 폰 과열되서 터질 줄 알았더만 과열은 무슨 2시간정도 해도 괜찮다야 ㅋㅋ 게다가 라이센스별로 채널나눠서 실력 비등비등한 애들끼리 하는게 큰거같음. ㄹㅇ pc카트를 이렇게 만들지 그랬냐?,,,,,,,,
쯩우TV,5개,2020년 05월 16일,갓겜,,,,,,,,
이승현,3개,2020년 05월 16일,다 좋은데 라이선스1 테스트 대마왕 테스트는 좀 선 넘네 이런거 못하는 사람들은 깨지 말라고 넣는거냐? 40번 넘게 했어 이건 오바잖아 왜 이딴걸 넣는건데 아놔 없애주셈 못하는 사람은 아주 하지 말라고 만들어 났어.,,,,,,,,
진민서,4개,2020년 05월 16일,게임은 재밌지만 그래픽은 싸구려티 좀나는 거같아서1점 뺐습니다. 컨트롤은 안먹힐때도 있지만 괜찮고 게임 플레이도 괜찮아요,,,,,,,,
문백초,3개,2020년 05월 16일,외국인에 있는 사람과 못해서 아쉽네요 ㄷ?다면 무조건적으로 5개!,,,,,,,,
홍길동,5개,2020년 05월 16일,잼있네요~ 앱플레이어 유저들 앞으로도 쭉 관리부탁드립니다~ 유저분들 모바일 카트를 앱플레이어로 pc로할거면 그냥 pc카트들하세요ㅋㅋㅋㅋ,,,,,,,,
쿠키다스,1개,2020년 05월 16일,아니 무슨 아이템전이나 라이선스테스트할때 상자를 쳐먹어도 안쳐먹은듯이 해놓은 미띤겜 첨봤네 진짜 개빡치네,,,,,,,,
홀?,5개,2020년 05월 16일,개발자님들 수고하셨습니다. 이런 최고작 게임을 만들어 주시다니 ㅠㅠ 눈물이 다 나네요 제가 컴퓨터는 조작이 부족해서 친들이랑 잘 못하는데 이 모바일은 제가 쫌 할수있는 게임이며 친구들이랑 재밌게 할수 있는 게임 이네요 ㅠㅠ 정말 감사합니다,,,,,,,,
P CH,1개,2020년 05월 16일,게임데이터오류뭐냐??,,,,,,,,
1 23,5개,2020년 05월 16일,계속 광고에서 나오길래 사전예약해놓고 알림떠서 깔아봤는데 개재밌네여 옛날에pc로하던것보다 쉽고 재밌는거같아요,,,,,,,,
박상준,5개,2020년 05월 16일,갓겜임 그냥,,,,,,,,
석주호,1개,2020년 05월 16일,아니 무슨 라이선스 3이 왜이렇게 어렵냐? 개 쌉노잼~ 응아니야~,,,,,,,,
최민제,5개,2020년 05월 16일,기가 막힙니다 피씨 카트같아요,,,,,,,,
한지민,5개,2020년 05월 16일,현질갓겜,,,,,,,,
김보성,2개,2020년 05월 16일,그럼 폰 안좋은 사람은 하지말라는거임? 내폰도 그닥 좋은폰은 아닌데 배그,콜옵,카트,로블록스 4개다 충분히 재밌게 고있는데 왜 그렇게 생각하지 폰이안좋으면 게임하면안되고 폰좋은사람들만 하라 이생각으로 말한게 아니면 설명을 좀 똑바로하던가 폰이좋아야 더 재밌음 안좋은데 좋은사람 개쳐발르면 기분이 비교가 안될정도로 상쾨함 좋은폰 쓰고 안좋은폰 쓰는사람한테 개쳐발림 이러면 기분이 좋은사람 없잔아 폰좋은사람만 게임할수있는거 아니야 그런식으로 말하지마,,,,,
찹?알떡,5개,2020년 05월 16일,대형 기업답게 최적화는 좋으나 과금유도 미침 카트. 캐릭 전부 과금해야 살 수 있는거라 나중에 경쟁 안될거 같으니 미리 접어야지 아쉽다,,,,,,,,
이서현,5개,2020년 05월 16일,정말 너무좋은데요..진짜 너무재밌고 좋은데 방향키 오른쪽을 누르면 왼쪽으로 갈때가 있어요ㅠㅠ 확인부탁드립니다,,,,,,,,
킹잭,4개,2020년 05월 16일,설치하는대오래걸려,,,,,,,,
박기랑,1개,2020년 05월 16일,이게임 뭐임? 1초에 시작하는에를엇덧게 딸아잡아?심지어 장에 물에도 않걸림 지름길로가지않은면100퍼센트질것이고 지름길로간다해도 진짜하기힘듬 진짜 짜증납니다!!!!!!!!!!!!!!!!!!!,,,,,,,,
우와아앙,2개,2020년 05월 16일,왜 오른쪽 드리프트 했는데 왼쪽으로 가냐... 렉도 걸리고 첨에 재미있았는데 좀 개선되야 할 게 많은 듯,,,,,,,,
최한솔,3개,2020년 05월 16일,너무어려워요 적당히어렵게해놓지 밤새해도 못하겠어요ㅜㅜ,,,,,,,,
노래하는민준,1개,2020년 05월 16일,아니 카트라이더 러쉬플러스하는데 왜하면 까맣게되요? 그리고왜설정이왜켜져요? 안눌어는데,,,,,,,,
어깨깡패런쥔,5개,2020년 05월 16일,재밌음,,,,,,,,
사람,1개,2020년 05월 16일,안 깔려어어ㅓㅇ어ㅓ어 끄어어어어어엉ㄱ,,,,,,,,
최주현,5개,2020년 05월 16일,컴카트랑 거의 비슷하고 정말 재밌게 플레이하고 있습니다 한가지 건의사항이 있는데 카트레벨업한걸 초기화하는 기능이 생겼으면 좋겠습니다 안좋은카트를 레벨업시켜버려서 에너지 크리스탈이 아까워서요..,,,,,,,,
코코,4개,2020년 05월 16일,게임이 재밌긴한데 핑이 1000이상을 넘겨서 게임을 못하게막을정도로 서버는 최악임,,,,,,,,
김도윤,1개,2020년 05월 16일,조종감이 너무 컴퓨터랑 다르고 코너링좀 전체적으로 높였으면,,,,,,,,
정세환,5개,2020년 05월 16일,생각보다 잼씀,,,,,,,,
성이름,1개,2020년 05월 16일,과금유도 ㅁ겜,,,,,,,,
선은성,1개,2020년 05월 16일,음 다 좋은데 문제가 있어요 라이센스 L1은 포기하라는건가요? 이거 너무 실력이 아니라 운에치중되어있어요 그냥 300판이상 계속했는데 2 번째꺼는 진짜 안되네요,,,,,,,,
최성현,5개,2020년 05월 16일,굿,,,,,,,,
베이비꼼,4개,2020년 05월 16일,맵이 좀 정신사나운거 빼면 할만해요 라이센스 2개는 땃는데 그다음껀 어렵네요ㅠㅠ,,,,,,,,
클랜없음,1개,2020년 05월 16일,존 나 재미없음 별1개?ㄴㄴ병0개 ㅋㅋ,,,,,,,,
모두 다흑우야,3개,2020년 05월 16일,카트 레벨업을 초기화하는 기능을 넣으시면 좋을것같네요 잘못해서 레벨업 했을때가 발생해요,,,,,,,,
이재성,3개,2020년 05월 16일,카트 살짝만 부딪혀도 게이지가 너무 확 줄어드는 것 같아서 조금만 밸런스 맞춰주시면 더 좋을 것 같아요 이것때문에 진짜 짜증나서 하다가도 꺼버리네요,,,,,,,,
양냥이,5개,2020년 05월 16일,컴퓨터 카트를 하다와서 처음에는 조작감이 조금 이질감이 들었는데 하다보니 결국에는 컴퓨터처럼 정교하게 플레이가 가능해서 정말 놀랐습니다. 모바일 게임인데 정말 완성도가 높다는 생각이 듭니다. 오래하기도 좋고 가볍게 한두판 하기도 정말 좋아요.,,,,,,,,
광견병,4개,2020년 05월 16일,게임에 기본적인 기능인 나가기조차 없네ㅋㅋㅋ 완성된게임 맞냐?ㅋㅋㅋ 또 돈에 눈이멀어서 대충 만들었구나 역시 돈슨,,,,,,,,
응아,5개,2020년 05월 16일,말해뭐해 카트는 믿고 하지,,,,,,,,
김민서,1개,2020년 05월 16일,L2 깨라고 만든겁니까? 처음 카트하는데 난이도를 이따구로 해놓으니 5시간걸쳐 3개 깼네요 ~^^ 좀 지들이 잘하니깐 쉬워보이는데 영상으론 실제론 어려워요 ㅡ.ㅡ 난이도 줄여주시길바랍니다,,,,,,,,
이시훈,5개,2020년 05월 16일,개꿀잼,,,,,,,,
림#슈,5개,2020년 05월 16일,핵재미있다재미업쓰면책임짐,,,,,,,,
백민준,3개,2020년 05월 16일,게임은 재밌는데 왜 사전등록 보상 안주나요?레전드 카트바디 받는줄알았는데,,,,,,,,
짱근호,5개,2020년 05월 16일,게임이 멈추지고 않고 너무 좋아요 근데요 게임중에 마이크 켜서 욕을 많이 하는 사람이 좀 많아요,,,,,,,,
kyobum,2개,2020년 05월 16일,카트라이더를 모바일에 맞게 쉽게 최적화해서 갖고온 것은 좋으나, 너무 그대로 갖고온 나머지 모바일만의 독특함이 없다. 그저 카트를 폰에서도 즐길 수 있다는 것. 그외에는 장점이 없다. 차라리 컴퓨터 카트를 하는게 훨씬 나을 정도..,,,,,,,
김정윤,1개,2020년 05월 16일,점프 드리프트인가 그거 좀 넓히지 그래요? 참 그거하다가 암 걸리겠네,,,,,,,,
안정현,5개,2020년 05월 16일,최고에요!,,,,,,,,
팅팅팅,3개,2020년 05월 16일,저 사전등록했는데 왜 설치도 안될까요ㅠ첫날도 오늘도 안됩니다...ㅜㅜㅜㅜ설치 자체가 안돼요ㅠ,,,,,,,,
유트브하는강아지,1개,2020년 05월 16일,L1에서0.01초로안들어가지네요,,,,,,,,
BJ빠꾸에즐거운게임세상,1개,2020년 05월 16일,개노ㅈ,,,,,,,,
-흰둥부-,3개,2020년 05월 16일,특별회원을 구매했는데 입장 특수효과와 닉네임 컬러효과 등 사용을 어떻게하죠? 안뜨던데,,,,,,,,
박정현,5개,2020년 05월 16일,그래픽이랑 너무좋네요 카트갓겜!,,,,,,,,
앙??,1개,2020년 05월 16일,왜 방향키가 가끔씩 안먹히죠 레이싱겜에서 방향키가 안처먹는다? 그냥 겜 엿으로 처만든거지;;,,,,,,,,
EunMi Choi,5개,2020년 05월 16일,모바일 카트라이더가 없어져서 허전했는데 이렇게 다시나오니 너무좋습니다♥,,,,,,,,
김병준,5개,2020년 05월 16일,개 꿀잼! 이렇게 재미있는 게임처음이에요!,,,,,,,,
아뚜루미,5개,2020년 05월 16일,과금이 불만이면 하질 마 ㅋㅋ 게임 운영에 도움도 안되는게 한다만다 난리질임,,,,,,,,
Communist united states,4개,2020년 05월 16일,안녕하세요.카트라이더 L2도전 하고있는 유저입니다.다름이 아니라 L2에서 3번째 에서 로두아니 추격 있는데 연습용 카트로 하는게 너무 어려워요....그래서 이걸 패치 해달라고 얘기 한겁니다.기분이 나쁘셨다면 죄송합니다..,,,,,,,,
김명준,5개,2020년 05월 16일,재미따,,,,,,,,
HO SAY,4개,2020년 05월 16일,게임 잘만들었고 다 좋은데 핸들링좀 어케 해주세요. 진짜 방향키로 움직일려 하면 이게 방향이 튼건지 의심해 봐야 할 필요가 있다. 아무리 꾹 눌러도 옆으로 엄청안간다. 컴터 카트에 비해 좌우로 움직이는거 너무 둔함 그거 때문에 방향도 드리프트로 잡아야 됨,,,,,,,,
몽카MK,3개,2020년 05월 16일,아니 처음부터 설치하는데 오래 걸리고 현질 차이가 나요 현질 할려고 유도하고 M배그랑 비슷 해요 현질 할려고 유도하는게,,,,,,,,
이시삼,5개,2020년 05월 16일,무조건 갓겜빠른 게임구성이랑 쉬운플레이 칭찬합니다!!,,,,,,,,
구독안하면프사 니미래여친,3개,2020년 05월 16일,L2라이센스를 깨고 21렙이 되서 L1라이센스를 깨러갔는데 디즈니 1등 대마왕? 까지는 깻다 그뒤론 미친 난이도를 자랑하는 맵이랑 시간도 별로안주고 영상보니깐 시간은 핑크코튼기준인가봄 우리같은 무과금거지는 못깨는 L1라이센스^^ 결론은 핑크코튼 쳐사라는건가,,,,,,,,
이선훈,1개,2020년 05월 16일,계정이 사라졌습니다,,,,,,,,
남강현철,5개,2020년 05월 16일,말이필요없음 해보면 알음,,,,,,,,
Seungseop Kim,5개,2020년 05월 16일,굳,,,,,,,,
유현우,4개,2020년 05월 16일,재미는있는데새벽2시부터9시까지못하는개아주많이싫내요...,,,,,,,,
강복치,5개,2020년 05월 16일,이거 만든분 사람아님. 레알 신임 이겜 레알 미?네,,,,,,,,
박진형,1개,2020년 05월 16일,더블드리프트 하려고 쉬프트 두번 누르면 두번째가 씹혀요,,,,,,,,
퓨리파이어서,5개,2020년 05월 16일,진짜재미있어요,,,,,,,,
최혜리,5개,2020년 05월 16일,안녕하세요 개발자님 저는지금 카트라이더 러쉬를 재밌게 플레이하고있는데요 라이선스가 너무 어려운거 같아서요 점프해서 드리프트하는 구간이 너무어려워요,,,,,,,,
박소이,3개,2020년 05월 16일,개인적으로 게임은 정말 잘 만들었습니다 튜토리얼도 좋아요 단 유저들땜에 겜이 망하네요 인기도로 사기치시는분 많으니 이점 유의하시고 플레이하셔요 매우 많으니 조심(선물 배낭10개 받고 틘인간도 있음),,,,,,,,
김명준,5개,2020년 05월 16일,현질유도를 조금만 덜해주새요 무과금러로서 힘드네요,,,,,,,,
뭐지?,5개,2020년 05월 16일,재밌어용,,,,,,,,
이지우,5개,2020년 05월 16일,너무 재미어요,,,,,,,,
어찌라고,4개,2020년 05월 16일,재밌긴하지만 L2 L3만 5초에서 10초로 늘려 주시면 안될까요?? 손에 쥐가 너무~~~~ 심하게 나서 병원을 갔다 왔읍니다;; 5초에서 10초만 더 늘려주세요,,,,,,,,
이혜미,5개,2020년 05월 16일,너무좋아요???,,,,,,,,
애잔하다,3개,2020년 05월 16일,일단 다 좋은데 부스터 제대로 안 참. 살짝만 벽에 스쳐도 게이지 손실이 너무 큼. 라이선스 시범영상을 보면 현 카트라이더 러쉬플러스 1대장카트인 핑크코튼을 타고 있는걸 볼 수 있는데, 내 L1친구는 핑크코튼을 타고 깼지만 타 카트로 시도를 해보았더니 연달아 실패를함&lt;&lt;&lt; 이 말은 즉슨 자신의 실력을 당당히 증명하는 라이선스도 카트빨이 존재한다는것. 또한 핑크 코튼이 아닌 다른 카트로 깨기에는 약간 힘들다는것. 시범영상이 1대장 카트면 다른 유저들도 꼭 핑크코튼이 있어야되나," 공정성을 갖고 연습카트로 깨는걸 보여줘야 사람들이 그 '...<div class=\""cQj82c\""><button class=\""LkLjZd ScJHi OzU4dc  \"" jsaction=\""click:TiglPc\"" jsname=\""gxjVle\"" style=\""font-family: Roboto", &quot;Noto Sans KR&quot;," sans-serif;\"">전체 리뷰</button></div>",,,,
평생짖는개,3개,2020년 05월 16일,게임데이터 오류로 이용제한? 게임하다가 자꾸 정지먹는데 이거먼가요ㅡㅡㅋ,,,,,,,,
박미소,1개,2020년 05월 16일,왜 앱을 깔았는데 폰에 남아있지는 않고 플레이 스토어 들어와야만 접속을 할 수 있나요? 앱 깔았는데 없는 경우는 처음이라 당황스러워요,,,,,,,,
박동완,1개,2020년 05월 16일,진입장벽이 너무 놓음 오픈 4일차에 적고 있는데 잘하는 사람이랑 못하는 사람의 차이가 너무 남,,,,,,,,
밍으밍으,5개,2020년 05월 16일,갓겜이당,,,,,,,,
박시윤,5개,2020년 05월 16일,너무 재미있네요! 별5개 드릴께요!,,,,,,,,
김기성,3개,2020년 05월 16일,아니 다른거 전부다 재미있고 쩌는데 라이선스 2 마지막에 공사장 1분22초는 너무짧은거아님?,,,,,,,,
tv피닉스,5개,2020년 05월 16일,아부지가 좋아하는 게임 하고 있는데 진짜 너무 마음에 들어요,,,,,,,,
길동현,1개,2020년 05월 16일,틀딱한테 게임 시키는것도 아니고 튜토리얼 하나하나 스킵도 못하노;;,,,,,,,,
느구리,5개,2020년 05월 16일,재밌네요 ㅎ,,,,,,,,
강권우,5개,2020년 05월 16일,굿,,,,,,,,
어리다고놀리지마라요,1개,2020년 05월 16일,어디 잘하는 애 봐볼까? 덤벼라 애들아,,,,,,,,
김세현,1개,2020년 05월 16일,넥슨 일 안하냐 계속 안 깔아지잖아 카트 모바일로 나온다고 저장공간 3GB나 비웠는데 왜 안깔아지냐고 내 친구도 나보다 좋은 폰인데 안깔아진다잖아 다른 내 친구는 나보다 쓰레기 폰인데 아주 잘 깔아지더라?,,,,,,,,
jackey love,5개,2020년 05월 16일,갓겜,,,,,,,,
윤이나,5개,2020년 05월 16일,요즘 많이 이걸 하는 유저입니다.오프라인으로 할수있는게 좋지만 스피드모드 초보모드를 많이 할수있으면 좋겠다. 그리고 스토리모드에서 1 챕터 로두마니 어떻게 얻는거임? 그래도 요즘 이 게임을 제일많이 한다.,,,,,,,,
Guochun Zhang,5개,2020년 05월 16일,게제미잇네,,,,,,,,
서미경,5개,2020년 05월 16일,재밌어요,,,,,,,,
김연호,1개,2020년 05월 16일,"정말 빡치네요 넥슨분들아? 아니 저희집 와이파이가 느린것고 아니고 제폰이 꾸진것도 아닌데 렉이 장난아닙니다. 그냥 플레이 할 수 없을 정도에요. 튜트리얼에서 핑보니깐500인가 600이던데 그냥 게임을 도저히 할 수 가 없을정도입니다. 누르면 좀 잇다 나가고 좀 설정 바꿔보면 괜찮겠지 싶어서 꾸역꾸역 해봤는데 그뭐 튜트리얼에서 실전으로 가서 해보라카면서 시작을햇는데 다른분들 노란색바?라고 해야되나 100%인데 저만 한30~40%정도에서 머물러있더라구요? 그래서 아 답없다 싶어서 지웠죠 하다하다 렉이 심해서 못하겠는 겜은 첨이네요 좋은...<div class=\""cQj82c\""><button class=\""LkLjZd ScJHi OzU4dc  \"" jsaction=\""click:TiglPc\"" jsname=\""gxjVle\"" style=\""font-family: Roboto", &quot;Noto Sans KR&quot;," sans-serif;\"">전체 리뷰</button></div>",,,,,,
황인성,4개,2020년 05월 16일,아니 다좋은데 더블드리프트 판정이 너무 이상해요 패치하면서 판정좀제발 바꿔주세요 영상보던대로 해도 안되고 제발좀 판정되게 해주세요,,,,,,,,
네카마,1개,2020년 05월 16일,플레3에서 플레2로 가는 승급전에서 이겼는데 플레2로 안감,,,,,,,,
최태웅,5개,2020년 05월 16일,처음해봤는데 쉽고 재밌다. 킬링타임용으로 제격인듯.,,,,,,,,
이준하,5개,2020년 05월 16일,렉 좀 걸리는 거 제외하면 매우만족해여,,,,,,,,
최지희,1개,2020년 05월 16일,L2라이선스 5번째를 어떻게 해요 시간을 더주던가 열불,,,,,,,,
뉴링,2개,2020년 05월 16일,현질빨 차이 심함,,,,,,,,
이유빈,3개,2020년 05월 16일,다 좋은데 서버국가설정에서 변경할수있으면 더 좋을거같아요ㅠㅠㅠ 서버확인해보니 West라고 되어있고 변경이 불가능하다니 친구들과 같이 할수가없어요ㅠㅠㅠ 저혼자 카트 외국인들한테 둘려쌓여서 하는데 노잼입니더;;;,,,,,,,,
정정하령,1개,2020년 05월 16일,게임을깔때도힘들게깔고 게임 실행햇더니 하얀 화면만나오고 게임은 켜지지도않더군요 니부분 어떻게해야돼나요 알려드리면 어?게 잘해볼게요알아서,,,,,,,,
JunYoung 04,5개,2020년 05월 16일,게임은 너무 재밌는데, 로그아웃이 되니까 어떤계정인지 계속 햇갈려서 다시 다 들어가봐야하네요;;연동으로 바꿔주거나 해주세요..지금도 다시깔고있네요 수정합니다 죄송합니다ㅠ 별점다시5개 드리겠습니다 저의 실수로 이런일이 발생한것같습니다 빵떡2 로 문의가 들어온건 무시하셔도될것같습니다 다시한번 오해해서 죄송합니다,,,,,,,
최성현,2개,2020년 05월 16일,도대체 다른사람들은 지름길 가는데 저만 못가는거임?? 애초에 막아져있는데,,,,,,,,
리얼누리,5개,2020년 05월 16일,너무꿀 잼,,,,,,,,
포로리,3개,2020년 05월 16일,게임은 게임데로 즐길만 한데 클랜창설→건전지필요→현질 뭐 친구끼리 재미로 하려해도 돈이 있어야 돼네요;; 뭐 낵슨이니까 이젠 놀라지는 않지만 이런 작은것도 돈들여서 해야돼면 나중엔 지겨워서 나갈게 뻔하죠 현질요소를 좀 줄이고 하면 충분히 갓겜될텐데..,,,,,,,,
오징어회장,5개,2020년 05월 16일,라이선스 L1 노르테유 익스프레스 가 너무 어려워요ㅠㅠ 시간을 조금 더 늘려주세요ㅠㅠ,,,,,,,,
김도훈,1개,2020년 05월 16일,"건전지를너무현질하게해났어프리미엄테스트할때도건전지안주더니출시했는데주겟지생각했는데안주는거뭐냐과금러하일반유저하고밸런스가차이난다L2에서L1까지난이도가너무어렵다라이선스테스트부터L3난이도너무어렵다상점있는데살게없다.카트라이더출시하기전에혜택없었는긴거니.유투브로홍보하지말고게임이나잘만들어라게임광고를장성규하고김민아기상케스터로광고했으면게임을잘만들어야지.왜이렇게못만드냐시나리오모드재미너무없다루찌만주지말고건전지줘라출시하기전3달전에게임을만들고태스트하고출시않았니.카트가제일중요한데다현질로얄시즌패스하고아닌유저하고격차가너무심하다.격차줄여라장성규하고김민아로광고했으면그전...<div class=\""cQj82c\""><button class=\""LkLjZd ScJHi OzU4dc  \"" jsaction=\""click:TiglPc\"" jsname=\""gxjVle\"" style=\""font-family: Roboto", &quot;Noto Sans KR&quot;," sans-serif;\"">전체 리뷰</button></div>",,,,,,
아리 TV,1개,2020년 05월 16일,아니 L2?때 로두마니추격 왜 1초애시작차라리2초이시작하지,,,,,,,,
티비주소하,5개,2020년 05월 16일,좋아요.^^,,,,,,,,
김유림,5개,2020년 05월 16일,제미,,,,,,,,
이정우,2개,2020년 05월 16일,재미있긴 진짜 재밌는데요 그 맵이.......,,,,,,,,
안옥주,5개,2020년 05월 16일,꿀잼,,,,,,,,
맘하연,5개,2020년 05월 16일,초딩들이좋아하는쓰타일!!,,,,,,,,
이준석,4개,2020년 05월 16일,진짜 게임은 제미있습니다 근데 현질 하게 말고 무과금 유저들도 게임 할수있게 차를 좀 싸게 팔아주세요 진짜 제발,,,,,,,,
화염,5개,2020년 05월 16일,스폐셜솔져는 솔직히 과금유도 좀 많이 많았는데 솔직히 카트라이더는 과금유도 많이 안하는듯 20랭크 되면 공짜로 에픽 주는데 넥슨 솔직히 다시 봤다,,,,,,,,
하리보쟬리,3개,2020년 05월 16일,아니 깔고 있는데 렉걸려서 취소 하려고 하니까 터치 안먹히네 ㅋㅎ 렉좀 고치셈 아니 설치중인데 취소가 안됨? ㅋㅎㅋㅎ 지금 이 리뷰 쓰면서도 랙걸린다 ㅋㅎㅋㅎ,,,,,,,,
김민규,3개,2020년 05월 16일,아니 넥슨님들 이거 보세요 현질유도 ?케 심하죠?이게 사람이 할 짓인가요?,,,,,,,,
1214주우금,5개,2020년 05월 16일,한순간에 1?ㅋㅋ,,,,,,,,
과몰입녀,1개,2020년 05월 16일,닉네임 3일 후 변경 가능 하다 했는데 왜 3일 지나도 안 되요? 자꾸 결제하라고 만 하는데 !!ㅕ,,,,,,,,
라임,3개,2020년 05월 16일,다 좋은데 이 게임은 돈 아니면 못하는 게임이네요. 그리고 라이스센스 L1마지막 노익 이거 아무리 하루종일 해도 절대 안깨져요 그래서 현질로 솔라 뽑았는데도 똑같아요. 유튜브 봐도 아예 안깨져요. 폐치 부탁드려요......,,,,,,,,
7플래티넘,5개,2020년 05월 16일,갸꿀잼!!! 근데 이거 신규유저나 기존유저하테 건저지 좀 주실수 있나요? 이거 너무 비싸요,,,,,,,,
인절미,1개,2020년 05월 16일,로그인이 안돼요... 계정 날리게 생겼어요 어떻게 해야하나요 제발 ㅠㅠㅠㅠㅠㅠㅠ 네이버 로그인을 했었는데 갑자기 다시 로그인이 안돼요 이거 어떻게해요 ㅠㅠㅠㅍㅍㅍ,,,,,,,,
임진영,1개,2020년 05월 16일,해독기 확률좀 높여줘라,,,,,,,,
정민우,5개,2020년 05월 16일,중독성 오져서 바로 지웠습니다 시험 끝나고 깔러 오겠습니다,,,,,,,,
Eun ho EH,4개,2020년 05월 16일,안녕하세요 저는 카트라이더를 하는 유저입니다. 제가 플레티넘3였는데 분명히 제가 플레티넘2를 갔는데 플레티넘3로 뜨고 또 플레티넘2를 가서 1을 분명히 갔는데 또 플레티넘2로 떠요 60점 날려먹는건 좀.. 점수좀 다시 올려주시고 이버그좀 고쳐주세요 부탁드립니다.,,,,,,,,
김애림,5개,2020년 05월 16일,존잼 보상너무많아,,,,,,,,
Domino K,4개,2020년 05월 16일,솔직히 놀랐다 최적화가 상당히 잘 되어 있다,,,,,,,,
junggh 10,5개,2020년 05월 16일,넥슨답지 않은 아주 재미있는 게임,,,,,,,,
이창훈,4개,2020년 05월 16일,재밌습니다 허나 한판에 한번정도는 렉이걸려서 튕기기도 합니다ㅠㅠ 1등하다가 렉걸려서 정상적으로 돌아오면 꼴찌로 되어있습니다.. 개선부탁드립니다,,,,,,,,
웰이,5개,2020년 05월 16일,컴퓨터보다 훨씬 재밌어요 디자인이랑 음악도 세련됐고 스킬 차근차근 동영상 참고해서 알려주는 것도 너무 좋아요 크아는 좀 느린 감이 있었는데 카트는 속도도 적절하고 딱 괜찮아요,,,,,,,,
맹과니,3개,2020년 05월 16일,구글 플레이에 충전을 하였지만 잔액이 부족하다고 떠 구매를 못하고 있습니다.,,,,,,,,
도마뱀,5개,2020년 05월 16일,망했네요.,,,,,,,,
배고파라면먹고싶다,1개,2020년 05월 16일,아니 L2라이센스 3번 로두마니 추격 너무 어려워요 인간적으로;; 어떻게 깨라는건지..?,,,,,,,,
김은지,5개,2020년 05월 16일,너무 만족하면서 플레이 중이에요! 나만 알고 싶은 게임이라기 보단 모두와 같이 하고 싶은 게임. ㅎㅎ,,,,,,,,
정문수,1개,2020년 05월 16일,L1라이센스 난이도 졸라 어렵네,,,,,,,,
winter스톰,5개,2020년 05월 16일,오오...수정해주셨군요...! 정말 감사합니다! 접속이 가능해진 이후로 정말 재미있게 하고 있습니다! 컴퓨터에선 연습해도 잘 안되던 기술들이 여기선 쉽게 잘 되는 느낌이에요(특히 끌기)!,,,,,,,,
쿠울,2개,2020년 05월 16일,솔직히 평가해도 돼죠? 일단 난이도 어렵고 그리고 컴퓨터보다 더 어려워요.그리고 이거 전체이용가가 아니라 이거 12세로 바꾸세요.애들이 욕을 겁나 쓰는데 애기들이 들으면 안되지.이거 잘못하다가 망겜되요;;제발 난이도좀 줄여주세요,,,,,,,,
이성영?,3개,2020년 05월 16일,PC와 비교해도 별차이 없는 모바일게임으로 잘만들어지만 심각하게 템차이에 현질유도성을 보여줌 아이템전을 보니 카트+머리띠+펫+가면 기본적으로 해야 양학할수 있음 물론 K코인으로 살수는 있으나? 너무 제한적으로 줌 또한 스피드전 카트+케릭터 해줘야 양학가능 기본적으로 컨트롤이 필요하나 너무 차이를 심하게 만들었다 느낌이 강함,,,,,,,,
강선구,5개,2020년 05월 16일,드리프트도 깔끔하고 추업이 새록새록하네요 오늘과 내일 365일 매일 응원합니다 넥슨...,,,,,,,,
숨니,3개,2020년 05월 16일,흠...저만 그런건지... 자꾸 게임 플레이 도중에 팅겨버려요.... 1등 잘 하고있는데 그냥 꺼져서 핸드폰홈화면으로 돌아옴ㅠㅠ 버그나 렉이 아니여서 스샷첨부해서 문의할수도없구ㅠㅠ 그때마다 의욕잃고 안하게되네요.... 기종은 갤럭시S20+에요 꾸진폰도 아니고 최신폰인데...ㅠㅠ,,,,,,,,
유자u,5개,2020년 05월 16일,ㅎㅎ 넥슨 게임은 갓겜이당 ㅎㅎㅎ,,,,,,,,
love린이,1개,2020년 05월 16일,도데체!!!!왜!!!이게!!!안 깔리는지 정말 어떻게 된거에요!!!!!,,,,,,,,
이재준,5개,2020년 05월 16일,굿,,,,,,,,
이세진,5개,2020년 05월 16일,음 게임음훌룡한데 버그가 많네요 만족합니다,,,,,,,,
현병락,1개,2020년 05월 16일,아나진짜2분15초이냐로어?게들어오라고이렇게만들나요열받아가지고손이더아프네요,,,,,,,,
황지율,1개,2020년 05월 16일,안깔아짐 완전 싫음,,,,,,,,
박현근,5개,2020년 05월 16일,중독된다.. 현질할까?,,,,,,,,
강민기,3개,2020년 05월 16일,레이선스 너무 빡셈,,,,,,,,
김태현,3개,2020년 05월 16일,그래픽 좋고 조작감은 나쁘지 않지만 망할 긴 듀토리얼이 게임을 시작하는데에 굉장히 불편하게 합니다. 그리고 보상으로 받는 아이템들은 착용 후 유무를 떠나서 기간이 지나버리기 때문에 듀토리얼을 마치고 삭제하게 되었습니다,,,,,,,,
하고 싶은건 뭐든지하는 유튜버카디TV,5개,2020년 05월 16일,지림,,,,,,,,
정의찬,5개,2020년 05월 16일,너무 재미있게 하고 있어요,,,,,,,,
??,1개,2020년 05월 16일,공부가 더 재밌을거같아요,,,,,,,,
정병용,5개,2020년 05월 16일,Good,,,,,,,,
지로TV,1개,2020년 05월 16일,게임을어렵게말고더럽게만들지마.ㅋ존댓쓸라해도 라이센스L2에서역주행에서 1시간안에어떻게통과하고 어렵게막히게해놓았습니까.ㅋ그러니까게임을이따구로만드니까 서든도망하죠.ㅋ 본인은잘모르시나본데.제발 본인생각하기전에 남생각부터하시죠?ㅋ이상한논리펼치지마시고.좀고쳐줬으면하네요.,,,,,,,,
황영란,4개,2020년 05월 16일,재밌어요 카트라이더 짱,,,,,,,,
가을,5개,2020년 05월 16일,넥슨이 만든 게임이라서 별 기대 안했는데 생각보다 중독성있고 재밌습니다 ㅎㅎ,,,,,,,,
nice미티,5개,2020년 05월 16일,갓겜,,,,,,,,
조수연,5개,2020년 05월 16일,재미있네요ㅋㅋ,,,,,,,,
Jiwon Lee,5개,2020년 05월 16일,핵 꿀잼♥,,,,,,,,
차암취,3개,2020년 05월 16일,라이센스가 참..못깨는건 아닌데 가이드영상에서는 레전드급 코튼타고 영상을 보여주면 어쩌자는 겁니까 ㅋㅋ,,,,,,,,
승냥점김,5개,2020년 05월 16일,재밋고 티어올리기 꿀재엠~~,,,,,,,,
최슬아,2개,2020년 05월 16일,이름을 다다르게 해야돼고 진짜,,,,,,,,
윤장한,4개,2020년 05월 16일,재밌는데 확률이 조금 낮네요,,,,,,,,
Ganymede,1개,2020년 05월 16일,친구가 개못함,,,,,,,,
김강민,5개,2020년 05월 16일,재미있는 카트라이더나왔어,,,,,,,,
장병찬,5개,2020년 05월 16일,내 군생활 한줄기의 빛,,,,,,,,
정우의재미있는 게임채널,3개,2020년 05월 16일,재미있긴한데 제생각엔 배그처럼 업데이트 하면서 용냥이 커지지안을까.. 지금도 겨우 하고있어서...,,,,,,,,
진모이,5개,2020년 05월 16일,패드안되는거실화냐레이싱겜아님?,,,,,,,,
it Do,5개,2020년 05월 16일,그냥 존잼 말필요없음 컨트롤이 필요함으로써 더 존잼,,,,,,,,
정은비,5개,2020년 05월 16일,너무좋다 현질 지금까지안하고 하루정도? 열심히 했는데 19레벨까지 올랐다 넥슨 컴터로도했는데 솔까 컴터 보다 조음,,,,,,,,
백홍미,5개,2020년 05월 16일,웬만한 게임들은 현질하지않는이상 쉽게 못 올라간다 근데 넥슨도 이점을 피하지 못했구나,,,,,,,,
똥나이,1개,2020년 05월 16일,"아니 약 1달 동안 기다려서 기대 엄청 많이 했는데 와이파이도 꽉차있는데 랭킹전 매치완료라고 뜨는데 10초 기다려야 하고 시작했을때는 사람들이 ?쳤다가 텔포하고 그러면서 죽었다 살아나는 익펙트 엄청 뜨고 카트하고 카트끼리 합체 돼는거는 뭐지? 그냥 망하라고 대놓고 만들는거 같은데 그리고 제일 버그중에서 싫은게 악마 표시도 않뜨고 스피드전 하는데 방향키를 분명히 터치 ?곳까지 딱 보고 드립프트 하면서 오른쪽키 딱 눌렀는데 왼쪽으로 가는 버그는 뭐예요? 원래 터치 않하면 반투명 색이잖아요 오른쪽에는 터치해서 파란색으로 뜨는데 왼쪽으로 ...<div class=\""cQj82c\""><button class=\""LkLjZd ScJHi OzU4dc  \"" jsaction=\""click:TiglPc\"" jsname=\""gxjVle\"" style=\""font-family: Roboto", &quot;Noto Sans KR&quot;," sans-serif;\"">전체 리뷰</button></div>",,,,,,
박성우,4개,2020년 05월 16일,채팅관리만 제발...,,,,,,,,
초코빵,1개,2020년 05월 16일,(A30기준)3번키면 1번은 계속 삐빅 삐빅거리면서 이상한 소리들림 렉이 개심해서 6초에 한번 화면 나올까 말까 함 ㄹㅇ 게임 잘만들었는데 제발 최적화좀 쳐 해라 넥슨아,,,,,,,,
la ya1208,5개,2020년 05월 16일,사람들이 자기 폰이 구린건데 자꾸 튕긴다 렉 걸린다 등등 이상한 말만 하네요 제가 플레이 하면서 그런적은 없었어요 이 게임 재밌네요 이렇게 재밌는 온라인 게임은 거의 처음입니다,,,,,,,,
KTX연구소,5개,2020년 05월 16일,내가 넥슨 탕빌실 지어줬다 ㅎㅎ,,,,,,,,
명달,1개,2020년 05월 16일,과금유도 진짜 너무합니다 좋은카트도 사야되고 잠재력도 돈으로 업글하고 클럽은 현질을해야 생성할수 있다니 카트 실망입니다,,,,,,,,
규현,5개,2020년 05월 16일,good,,,,,,,,
임경빈,4개,2020년 05월 16일,다른건다좋은데 왜 4점을주냐면 드리프트를 왼쪽으로하면 오른쪽으로 갈때도있고 오른쪽으로하면 왼쪽으로가는 버그만 고쳐줬으면 좋겠네요 제 리뷰는 여기까지에요,,,,,,,,
Junhyong Mo,1개,2020년 05월 16일,상점 구경하다 나왔는데 게임이용을 제한하네 -_- 사지 않을거면 구경도 하지 말란건가...역시 돈슨?,,,,,,,,
Minchae Kang,4개,2020년 05월 16일,다 재미있고 좋은데 서버 때문에 매우 불편합니다. 제가 외국에 사는데 잠깐 한국에 들어와서 한국 서버를 쓰는데 친구들이나 지인들은 다 외국서버여서 같이 게임을 못하고 있습니다. 서버 없이 아무데서나 플래이 할수있는거면 모를까 서버도 못바꿔서 평생 저만 혼자 모르는사람들과 겜 하게 생겼어요. 그렇다고 다시 외국돌아가서 앱을 또 깔고 플레이하기는 기존에 했던게 아깝고. 최소 서버 한두번 바꿀수 있게하거나 이런거 좀 어떻게 해주세요. 빠른 답장 부탁합니다. 감사합니다.,,,,,,,,
SPY린터,1개,2020년 05월 16일,망겜,,,,,,,,
고은,5개,2020년 05월 16일,사전예약했는데 왜아무것도안주나요????!,,,,,,,,
뚜?,1개,2020년 05월 16일,안깔리자나!!!!!,,,,,,,,
FOOT BALL PLAY VIDEO,4개,2020년 05월 16일,진짜 최적화 잘되있고 발열도 심하지도않고 충전하면서 해도 베터리 안닳고 좋네요,,,,,,,,
Con Chonche,5개,2020년 05월 16일,개 꿀잼 인정 님들,,,,,,,,
이초연,5개,2020년 05월 16일,왜 안깔려?? 왜????? 왜애??????????,,,,,,,,
김백추,1개,2020년 05월 16일,카트라이더재밌긴한데저장공간좀줄여주세요저장공간이만아도너~~~~~~무많아서깔기가어려워요저장고간좀제발좀줄여주세요,,,,,,,,
김기태,5개,2020년 05월 16일,최고최고최고 강력추천 PC겜임그이상,,,,,,,,
EastC,3개,2020년 05월 16일,사전예약해서 설치했는데 뭐 일반이랑 다른게.없는건가요?,,,,,,,,
김기언,5개,2020년 05월 16일,제가 오늘 당했던일을 알려드리도록할께요.. 방장이 핵이 였는데 처음에는 아...좀잘하는구나..라고생각했는데.. 그 핵이(당연히)1등이였고 제가 보통사람들은 이기는 수준이라서 겨우 2등," 3등? 왔다갔다하면서 뒤에서 보았는데 무한 부스터 모드도 아닌 스피드전이였는데 부스터가 끝임없이 나갔어요..그때도 그냥 잘하는 사람 이구나..또 생각했저 드리프트에서 부딧 칠뻔도 한데.. 너무이상했어요..그래서 그냥 이판은 졌구나하고 다음판할려고 하는데 바로 시작되는 거예요..다음 또졌어요ㅜㅜ아.그땐생각못했네 준비취소하면 됐나?아무튼 또바로 시작되서...<div class=\""cQj82c\""><button class=\""LkLjZd ScJHi OzU4dc  \"" jsaction=\""click:TiglPc\"" jsname=\""gxjVle\"" style=\""font-family: Roboto", &quot;Noto Sans KR&quot;," sans-serif;\"">전체 리뷰</button></div>",,,,,
넬름,4개,2020년 05월 16일,걍 보통,,,,,,,,
양원준,5개,2020년 05월 16일,하 카트 어렸을 때 정말 재밌게 했었는데 그때 느낌나서 정말 좋아요ㅋㅋ 제발 현질유도 적당히 하면서 이대로만 쭉 관리해 주세요.,,,,,,,,
이영준,4개,2020년 05월 16일,드리프트가 너무 가고 시나리오랑 라이센스 테스트가 드럽게 어렵고 현질 유도하고 그러는 데도 재밌는데 버그가 있음.드리프트가 살짝 톡하고 멈추면 계속 드리프트가 돼서 벽에 박음.그리고 카트가 레어는 쉬어도 래전드도 별로 없어 에바고 카트도 별로 없음.이거 빼고 다 좋음.,,,,,,,,
소시지,5개,2020년 05월 16일,설치해봤는데 멘탈 터져서 겁나 재밌음 ㅋㅋ 이 게임 추천함 ㅋㅋ ㅋㅋㅋㅋㅋㅋㅋㅋㅋㅋㅋㅋㅋㅋㅋ ㅋㅋㅋㅋㅋㅋㅋㅋㅋㅋㅋ ㅋㅋㅋㅋㅋㅋㅋㅋㅋ ㅋㅋㅋㅋㅋㅋㅋㅋㅋㅋ ㅋㅋㅋㅋㅋㅋㅋㅋㅋㅋㅋㅋ ㅋㅋㅋㅋㅋㅋㅋㅋ(?),,,,,,,,
봄꽃,5개,2020년 05월 16일,컴퓨터 로만 하다 핸드폰 으로 하니까 더 재밌네요! ㅎㅎ 카트라이더 러쉬플러스 화이팅~!!,,,,,,,,
강시후,5개,2020년 05월 16일,정말 재미있음니다,,,,,,,,
서예지액사랑,1개,2020년 05월 16일,들어가는 로딩이 너무 느려요,,,,,,,,
이영애,5개,2020년 05월 16일,나중에 다시 깔게용,,,,,,,,
김미희,1개,2020년 05월 16일,역시 현질 하지 않으면 못하는게임 현질할 능력없는 어린이들은 절대 못하는게임 정도것 해야지,,,,,,,,
GS유태,5개,2020년 05월 16일,너무재밋내요! 현질빼고요.. 현질안해도 좋은시스탬 그래픽이 너무좋아서 5드립니다. 사전예약까지했는데 너무좋네요!,,,,,,,,
김정현,2개,2020년 05월 16일,라이센스1? 3번째부터 에서 벽 느끼고 짜증나 뒤질거같아서 삭제함 스트레스 받으려고 게임하는건지 착각이 들기도 해서 다른게임 찾으려고 삭제함. 난이도 낮아지는거 아닌이상 다시는 안할듯 그거 말고 다른부분들은 시간지나면 해결된다고 보여서 괜찮음. 어쨌든 카트 다시는 안함. 현질하려는 마음이 사라졌어,,,,,,,,
오광호,1개,2020년 05월 16일,이런건현질십억해두안함,,,,,,,,
리인민너구,1개,2020년 05월 16일,진짜 넥슨이 미친건가? 조작하는데 문제가 너무 많아요 그래픽은 좋았어요 모바일치고 그런데 과금유도 볼때마다 기분이 더러워요 그리고 드리프트하는데 드리프트가 pc처럼 해놀것이지 왜 이따구로 만듭니까? 한 몇년뒤엔 서버운영 안될것 같네요 이게 넥슨이냐? 그냥 미친회사지,,,,,,,,
배태수,1개,2020년 05월 16일,아니 무슨 사전예약해서 달린사람은 계정 복구 안돼나요? 계속할때마다 새로하라하네 어떻게하면 됩니까?,,,,,,,,
양준철,5개,2020년 05월 16일,폰씌! Dy! Despacitto!,,,,,,,,
드래곤스,5개,2020년 05월 16일,진짜 5년전 했던이카트라이더 정말재미있네요 드리프트,파워등 그런것도 좋고 이미지 또현질을 안해도 실력으로 하는 이게임!!(살짝 업글같은게있지만)정말 좋아요 평점 5아니 실제로는 100점만점의100점!!!!!넥슨 홧팅!!,,,,,,,
tv지우개,5개,2020년 05월 16일,내 계정이 봐끼내 ㅠㅠ 중국 서버 잘가ㅠㅠ,,,,,,,,
아이리미타,5개,2020년 05월 16일,잼있음,,,,,,,,
신현명,1개,2020년 05월 16일,누가 돈슨 아니랄까봐 기간제템으로 광고하니까 좋습니까? 사전 예약한게 실수네,,,,,,,,
_ YOON,1개,2020년 05월 16일,깔아보려고 아끼고 아끼던 앱들 몇몇개 마음먹고 지웠었는데 카트라이더 용량이 너무 많아서 앱을 더 지워야 되더라고요 너무 마음이 상합니다....카트라이더를 깔려고 필요없는 앱을 모조리 지우고 지워도 필요한 용량이 더 있고...게임이 정말 재밌고 인생게임이 될 정도라면 정말 죄송해요...어쩔 수 없는 거라면 어쩔 수 없지만 가능성이 있다면 용량을 줄여지면 좋겠어요.,,,,,,,,
민아,1개,2020년 05월 16일,카크라이더를 깔았는데... 왜 안 들어가죠? 버그인가요 렉인가요 제 폰이 문제인가요 저는 버그 같네요 버그 수정 쫌 해주시오,,,,,,,,
이도,4개,2020년 05월 16일,재밌는데 좀 질림,,,,,,,,
김수현,5개,2020년 05월 16일,정말 기대 이상으로 좋습니다 하지만 게임내 행운의 편지 보상을 어떻게 받는지 몰라서 시간에 맞춰도 보상을 못받겠습니다 만약 이것이 미션을 완수해야 하는거라면 알려주시면 감사하겠습니다,,,,,,,,
soup rice,1개,2020년 05월 16일,아니 라이선스 2 로두마리 추격 연카로 어떻게깨냐?,,,,,,,,
이상걸,5개,2020년 05월 16일,진짱짱짱,,,,,,,,
08 도토뤼쉐,5개,2020년 05월 16일,재밌었어여!!!!!!!!!,,,,,,,,
이재욱,1개,2020년 05월 16일,재미있어보여서 하고싶은데 진짜 다운로드가 아오??,,,,,,,,
송매화,5개,2020년 05월 16일,꼭추천,,,,,,,,
정환,1개,2020년 05월 16일,개☆노☆잼,,,,,,,,
안세준,5개,2020년 05월 16일,넥슨이 과금유도하는 것치곤 짜피 현질해도 실력차임ㅋ 딱히 과금유도도 쎄진 않고 넥슨 겜 오랜만에 진짜 좋은 거 나왔다! 실력이야 열심히 하면 되니깐 상관없구 딱히 트집잡을 게 없다 이겜 나중엔 모르겠지만 하지만 위 사람들 말처럼 카트 비용이 너무 비싸요 그것만 어떻게 고쳐주시면 감사하겠습니다!,,,,,,,,
김성일,3개,2020년 05월 16일,게임은 괜찮음 근데 예전에 돈안되서 게임서비스 종료했다가 돈될것같아서 다시 만든게 좀 그럼,,,,,,,,
설하성,5개,2020년 05월 16일,아주 제밌네요! 뭐 보상조 넉넉히 주도요,,,,,,,,
로봇배찌,1개,2020년 05월 16일,안깔린다 사전예약 하라면 다 받는다고 생각하나? 해결방법 따라하래서 따라했더니 계정 지우고 앉았네...빨리 해줘요 빨리빨리 왜 일을 안해요? 3번째 의견보냈는데 보고 관리하시는분 없나요?,,,,,,,,
이지호,3개,2020년 05월 16일,재밌긴한데.... 가끔씩걸리는버그와렉 그리고 와이파이 잘 되는데 계속 튕기고이것만 수정해주셨으면 합니다.,,,,,,,,
울트라슈퍼바보,3개,2020년 05월 16일,제미있다고 해서 깔라 했지만 저장공간이 1.31GB라니... 좀 비싸서 아직 못 깔으는 중이에요.. 재발 저장공간 낯추면 해요...죄송해요ㅠㅠ,,,,,,,,
로블닉tv,1개,2020년 05월 16일,아니L2라이선스테스트를 깨라는데 드리프트를하면 당현히미끄러지지 그걸 어떻게 케어합니까? 당장 안고치면 신고박습니다,,,,,,,,
1109문현욱,5개,2020년 05월 16일,"저는 레어 카트로 L1 딴 유저입니다. 다들 현질유도라고 하는데 과금하지 않아도 저처럼 피지컬이 없어도 노력만으로도 고수 ㅆ가능입니다. 현질유도라 머라하시는 분들 그건 님들 실력이 안 따르는 거니깐 연습하면 해결될 문제입니다. 그리고 또 렉 걸린다 하시는 분들 제 폰은 J3로 저장공간이 16GB도 안되는 스펙이어서 렉 무지 걸립니다. 하지만 렉도 실력으로 충분히 이길 수 있습니다. 이쯤 되면 카트가 피지컬 게임이라고 생각이 들 수도 있습니다. 뭐 그 점은 동의합니다. 근데 맞아요. 컴퓨터 카트에서도 실력이 없으면 다 접습니다. 그런...<div class=\""cQj82c\""><button class=\""LkLjZd ScJHi OzU4dc  \"" jsaction=\""click:TiglPc\"" jsname=\""gxjVle\"" style=\""font-family: Roboto", &quot;Noto Sans KR&quot;," sans-serif;\"">전체 리뷰</button></div>",,,,,,
하멜[HeartCaramel],4개,2020년 05월 16일,재밌는데 라이선스 너무 어려워요 좀 쉽게 만들어 주세요 L3부터 어렵네요 ㅠㅠ 재밌긴 합니다!ㅎㅎ,,,,,,,,
용이,1개,2020년 05월 16일,로두마니 추격 하라고 만든거냐;;,,,,,,,,
sun치킨,5개,2020년 05월 16일,갓겜,,,,,,,,
소나향,4개,2020년 05월 16일,그래픽 조작감 모두 훌륭합니다 멀티도 원활하고 봇이랑도 매치가 가능하며 스마트헬멧도 초보자 배려해 준것같아 마음에 들고 게임 내에서 드리프트나 컷팅 기술 알려준 덕에 실력도 많이 늘었습니다 다만 캐릭터에 능력치가 붙어 있어서 감점입니다,,,,,,,,
양해숙,1개,2020년 05월 15일,재미음서,,,,,,,,
Gwak iron_dragon,2개,2020년 05월 15일,"아니 제발 왜 렙이 낮으면 지름길을 못타게 하는건데 제발 왜그러는 거야? 렙낮으면 사람취급도 안한다는거야? 23렙에 골드 1인데 말한마디만 할게... 이거땜에 차이나서 완주 못한판이 한두번이 아니야 분명 1등하고 있었는데 나만 지름길 못타서 지잖아 왜 이딴 시스템을 만들고서는 그러는거야? 뭐 렙낮으면 사람이 아니라던가 꼬우면 렙 올리라던가야? 어이가 없네? 아무리 잘해도 지름길에서 차이나는데 어떻게 이기라고 어? 안그래? 이 시스템을 없애던가 왜 이딴 시스템만들어서 잘하고 있는 사람을 잡냐고;;; 특히 지름길 많이 있는 구간에서는 ...<div class=\""cQj82c\""><button class=\""LkLjZd ScJHi OzU4dc  \"" jsaction=\""click:TiglPc\"" jsname=\""gxjVle\"" style=\""font-family: Roboto", &quot;Noto Sans KR&quot;," sans-serif;\"">전체 리뷰</button></div>",,,,,,
베상이,5개,2020년 05월 15일,아 너무 재밌어요 이 게임애 중독될꺼 같아요 브금도 좋고,,,,,,,,
정수아,5개,2020년 05월 15일,쥰잼,,,,,,,,
포드커,1개,2020년 05월 15일,스토리 모드2에 마지막은 2분15초만에 ? 수 가 없네요,,,,,,,,
아우라WR,4개,2020년 05월 15일,제1기실버기어는 대체 언제 돼나요?울트라등급차를 거기서 하나 얻을수있더라고 하던대 언재오픈돼는지만이라도 알려주세요 제발ㅠ,,,,,,,,
모카_MOCA?,5개,2020년 05월 15일,재밌고 좋아요&gt;&lt;,,,,,,,,
최준호,5개,2020년 05월 15일,넥슨이?...,,,,,,,,
블랙,1개,2020년 05월 15일,완전 망겜,,,,,,,,
김동현,1개,2020년 05월 15일,카트라이더를 좋아하는 유저로써 재밌고 계속 하고싶습니다. 근데 아무리 접속자가 많다고 해도 서버 관리를 얼마나 개같이 하는거죠? 게임을 못할정도입니다. 계속 튕기고 안들어가지고 쫌 고치세요,,,,,,,,
이성현,5개,2020년 05월 15일,광고 보고 많이 기대했습니다!! 정말 재미있네요~,,,,,,,,
걍눌러,5개,2020년 05월 15일,개재밌?ㅋㅋㅋ울 오빠랑 완전 빠짐ㅋㅋㅋ,,,,,,,,
선콱타임,1개,2020년 05월 15일,걍쓰래기게임 퇴기물수준임 이거하지마세요,,,,,,,,
제페토피노키오,2개,2020년 05월 15일,하고 싶은데 오류라면서 안깔리네요.,,,,,,,,
안이현,5개,2020년 05월 15일,컴 카트 죽돌이입니다 컴 카트랑은 엄청 다릅니다 카트를 즐겨하셨던분들은 적응이 조금 필요할거 같구요 현질 유도로 유명한 넥슨이 의외로 그렇게 심한 현질 유도를 하지는 않았습니다 물론 있긴 하다만 넥슨의 행보를 생각하면 심하지 않습니다 전체적으로 재미있고 굉장히 잘 만든 게임이라는게 느껴졌습니다 이대로 쭈욱 심한 과금 유도 하지 않고 간다면 정말 좋은 게임으로 남을거 같네요,,,,,,,,
밸매겨즈애머,3개,2020년 05월 15일,다른건 다 좋습니다 하지만 라이센스를 깨야만 맵을 즐길수있는것은 매우불만입니다 그럼 실력이 좋은사람들만 여러맵을 즐길수있자나요 제발 이 시스템은 빼주셨음 좋겠습니다 그럼 한5년 이상은 즐길수있을거같은데ㅠㅠ,,,,,,,,
뿌리뿌리,5개,2020년 05월 15일,와 레알 갓겜임 드리프트 갸꿀잼이라고 증므알,,,,,,,,
조주원,5개,2020년 05월 15일,유튜브에 보니까 뚤리는 앱플리어가 있데요. 그것 빨리 체크해주시면 좋겠어요^^,,,,,,,,
하는년,3개,2020년 05월 15일,게임은 재밌어요. 근데 과금한 사람과 과금하지 않은 사람 너무 차이가 나서 좀 별로네요.,,,,,,,,
Square Root,5개,2020년 05월 15일,가끔 카트하고 싶을때가 있는데 타임어택 혼자하면 재밌음. 굳이 멀티겜을 돌리면서 스트레스 받을 필요가 있나?,,,,,,,,
gi ru Shin,5개,2020년 05월 15일,베트남에서 플레이 할려고 하니 접속화면에서 점검중이라는 문구만 뜨고 시작이 안되네요... 답변 꼭 좀 부탁드려요,,,,,,,,
jungsik Woo,3개,2020년 05월 15일,하.....진짜 맵좀 쉽게만들으셈 도저히 못해멋겠네...,,,,,,,,
전희정,1개,2020년 05월 15일,몰라,,,,,,,,
LEiBSN와크,5개,2020년 05월 15일,실제 사람이랑할수있어서 좋아요,,,,,,,,
넥슨개같네,1개,2020년 05월 15일,넥슨아 라이센스 영상 고쳐라 영상 똑같이하는데 그건 핑코 한정 으로 되는거아님? 따라하는데 안되잖아 ,,,,,,,,
알탐,5개,2020년 05월 15일,재밌어요,,,,,,,,
펭수좋아,5개,2020년 05월 15일,게임은 좋은데 라이선스 테스트가 어려워요 난이도 조정 해주세요,,,,,,,,
lil queue,3개,2020년 05월 15일,전부 괜찮은데 그 라이센스가 안올라가면 트랙이 없는게 쫌 빡쳐서,,,,,,,,
nh kim,1개,2020년 05월 15일,다운로드하는데 계속 튕겨요,,,, 50몇 퍼에서 다시 다운하라고 뜨고 저장공간 없는것도 아닌데 93퍼에서 다시 하라고하고,,,, 너무 하고싶어서 계속 시도하는중인데 너무 힘들어요
a zi,5개,2020년 05월 15일,잘만듬,,,,,,,,
JUNGSUK Lee,5개,2020년 05월 15일,괜찮은 게임입니다 추천드립니다 ㅎㅎ,,,,,,,,
메모빌런,3개,2020년 05월 15일,겜은 재밌는데 왜 라선 차이 나면 같이 겜 못하냐 제발 라선 상관 없는 스피드전을 만드세요 제발,,,,,,,,
몬스터북,5개,2020년 05월 15일,와카트 생각보다 현질유도없고 갓겜이다 굿,,,,,,,,
Bl sky,4개,2020년 05월 15일,다 괜찮은데 라이센스L1 3단계 밸런스 드라이빙인가 그곳 전체적으로 길을 좀 넓혀줬으면 합니다.,,,,,,,,
김소웅,1개,2020년 05월 15일,드리프트가 너무 미끄러지진다,,,,,,,,
치즈담배,1개,2020년 05월 15일,다운로드가 안돼서 4번째 시도중,,,,,,,,
정은주,5개,2020년 05월 15일,핵꿀젬할말이없음,,,,,,,,
배현종,5개,2020년 05월 15일,재밌음 근데 현질유도가 오짐 현질못하면 꼴지만해야됨 글고 폰도 좋아야됨 내폰 s20,,,,,,,,
박기현,1개,2020년 05월 15일,1시간 만에 설치됨,,,,,,,,
리벤저X4,5개,2020년 05월 15일,개꿀잼 켜쿄ㅑㅋ카ㅓ캐,,,,,,,,
SW L,5개,2020년 05월 15일,2020 갓겜,,,,,,,,
Ellyellyelly Kim,5개,2020년 05월 15일,꼭 깔아보세요,,,,,,,,
GAME MASTER,5개,2020년 05월 15일,카트라이더 짱,,,,,,,,
Google 사용자,5개,2020년 05월 15일,최고다,,,,,,,,
allium,4개,2020년 05월 15일,커뮤니티 들어가서 해결했어요,,,,,,,,
안태성,4개,2020년 05월 15일,겜 용량이너무커요ㅠㅠ,,,,,,,,
??,5개,2020년 05월 15일,렉 없고 다 빠름 근데 현질 한 사람이랑 안한 사람이랑 차이 좀 있음 그건 아쉽지만 렉은 진짜 없음((오래된 폰,와이파이 잘 됨,,,,,,,
물신,5개,2020년 05월 15일,너무 재밌었요! 와이파이도 잘되고 너무 좋아요,,,,,,,,
장광훈,3개,2020년 05월 15일,현질 유도 개심각한거만 빼면 갓겜,,,,,,,,
최효준,5개,2020년 05월 15일,대박이에요!,,,,,,,,
황우익,1개,2020년 05월 15일,현금결재했는데 충전은안되고 금액만 빠져나가는 에러는 돈을 다시 안쥬나용?,,,,,,,,
츄라,1개,2020년 05월 15일,ㅋㅋㅋㅋㅋㅋ 1등이였는데 렉걸려서 바로 꼴등 해버리네 넥슨이여서 믿거 할려했는데 재밌다고해서 했는데 재미는 있음 렉좀 고쳐라;; 일 똑바로 해라 진짜 개많이 끊김,,,,,,,,
고예스준,5개,2020년 05월 15일,컨트롤 너무재밌어요 넥슨최고,,,,,,,,
김됴경,2개,2020년 05월 15일,태블릿 키보드로해볼려고햇다가안되는것같아서 그냥게임하려고들어갓는데 게임데이터오류로 1일동안접속하지말라는데 어째된건가요 조치좀해주세요,,,,,,,,
프리게임타임즈,5개,2020년 05월 15일,모바일로 카트를 하니 플레이하기 훨씬 좋아졌다. 다른 모바일 넥슨 게임들은 자동형 아니면 네트워크 상의 문제가 많았지만 카트는 그만큼 신경을 써 놔서 그런지 환경도 별 문제 없었다. (5점),,,,,,,,
메리플,1개,2020년 05월 15일,사빙공 깨라고 만든거임? 개어렵네 하라는데로 했는데 왜 안됨? 사빙공 시간 더 늘려줬으면 좋겠다,,,,,,,,
성민수,5개,2020년 05월 15일,재밌어요,,,,,,,,
